sqft_living,bedrooms,bathrooms,year_built,overall_quality,neighborhood,price,interest_rate,school_score
1710,3,2,2003,7,CollgCr,208320.0,5.06,8.6
1262,3,2,1976,6,Veenker,171810.0,8.23,4.9
1786,3,2,2001,7,CollgCr,217410.0,7.03,7.3
1717,3,1,1915,7,Crawfor,136130.0,6.29,6.2
2198,4,2,2000,8,NoRidge,253420.0,3.86,7.9
1362,1,1,1993,5,Mitchel,146420.0,3.86,5.3
1694,3,2,2004,8,Somerst,312040.0,3.32,8.3
2090,3,2,1973,7,NWAmes,191720.0,7.76,7.4
1774,2,2,1931,7,OldTown,125970.0,6.31,8.6
1077,2,1,1939,5,BrkSide,112330.0,6.89,5.5
1040,3,1,1965,5,Sawyer,135170.0,3.11,4.8
2324,4,3,2005,9,NridgHt,335010.0,8.33,10.0
912,2,1,1962,5,Sawyer,136260.0,7.58,6.2
1494,3,2,2006,7,CollgCr,281990.0,4.17,5.8
1253,2,1,1960,6,NAmes,160000.0,4.0,6.6
854,2,1,1929,7,BrkSide,134970.0,4.01,7.7
1004,2,1,1970,6,NAmes,149990.0,4.67,5.7
1296,2,2,1967,4,Sawyer,87330.0,5.89,5.4
1114,3,1,2004,5,SawyerW,157860.0,5.38,4.8
1339,3,1,1958,5,NAmes,140200.0,4.6,5.1
2376,4,3,2005,8,NridgHt,321190.0,6.37,7.8
1108,3,1,1930,7,IDOTRR,143090.0,3.77,7.0
1795,3,2,2002,8,CollgCr,231170.0,4.61,6.9
1060,3,1,1976,5,MeadowV,129870.0,5.01,3.6
1060,3,1,1968,5,Sawyer,152470.0,5.51,6.6
1600,3,2,2007,8,NridgHt,249340.0,7.32,7.2
900,3,1,1951,5,NAmes,137500.0,4.1,4.0
1704,3,2,2007,8,NridgHt,303510.0,5.83,5.8
1600,2,1,1957,5,NAmes,203720.0,6.26,4.4
520,1,1,1927,4,BrkSide,73720.0,3.26,2.7
1317,3,1,1920,4,IDOTRR,35980.0,6.34,5.6
1228,3,1,1966,5,Sawyer,152530.0,3.94,6.0
1234,3,2,2007,8,CollgCr,184820.0,3.36,7.3
1700,4,1,1959,5,NAmes,155840.0,8.22,7.3
1561,2,2,2005,9,NridgHt,267570.0,8.31,10.0
2452,4,3,2004,8,NridgHt,301650.0,7.45,7.7
1097,3,1,1994,5,CollgCr,145960.0,4.68,2.5
1297,3,1,1954,5,NAmes,157380.0,3.54,7.3
1057,3,1,1953,5,NAmes,103720.0,6.76,3.6
1152,2,2,1955,4,Edwards,80740.0,5.42,2.4
1324,3,2,1965,6,NAmes,163990.0,3.67,7.0
1328,2,1,1959,5,Timber,167840.0,5.72,7.4
884,2,1,1983,5,SawyerW,149430.0,3.19,6.4
938,3,1,1975,5,CollgCr,121250.0,8.0,5.6
1150,3,1,1959,5,NAmes,142740.0,4.42,5.6
1752,2,2,2005,9,NridgHt,314980.0,6.64,9.9
2149,1,1,2003,7,Mitchel,240556.0,4.71,7.8
1656,3,2,2006,8,Somerst,247120.0,5.86,8.3
1452,2,2,1920,4,OldTown,109970.0,6.01,4.1
955,3,1,1966,5,Sawyer,129940.0,4.02,4.9
1470,3,2,1997,6,Gilbert,167010.0,8.33,5.2
1176,3,1,1934,6,BrkSide,107720.0,7.26,5.7
816,2,1,1963,5,IDOTRR,100490.0,8.17,3.3
1842,0,0,1981,9,Veenker,376240.0,7.92,8.9
1360,3,1,1955,5,NAmes,126130.0,6.29,4.0
1425,3,2,1964,6,NAmes,171290.0,8.07,4.9
1739,3,2,1999,8,Somerst,177030.0,3.49,8.2
1720,3,2,2004,7,CollgCr,199260.0,4.08,8.4
2945,3,3,2006,10,StoneBr,444030.0,3.25,10.0
780,2,1,1972,5,CollgCr,125530.0,4.79,3.4
1158,3,1,2004,6,SawyerW,157580.0,5.14,5.0
1111,3,1,1920,5,IDOTRR,102530.0,4.49,5.9
1370,2,2,2006,8,NridgHt,194820.0,7.56,7.0
1710,3,2,1921,7,OldTown,140120.0,4.96,6.8
2034,3,2,1997,7,CollgCr,220850.0,4.55,7.6
2473,4,2,2004,8,NridgHt,314060.0,5.98,7.0
2207,3,2,1970,7,NAmes,183660.0,3.78,7.1
1479,3,2,2003,7,CollgCr,218770.0,7.41,5.7
747,2,1,1945,4,OldTown,84770.0,3.41,3.4
2287,3,2,1953,7,ClearCr,214710.0,8.43,7.3
2223,3,2,1973,7,NAmes,237250.0,7.25,5.4
845,2,1,1982,4,Mitchel,132230.0,4.09,4.4
1718,3,2,1998,7,Gilbert,190910.0,3.03,7.0
1086,3,1,1954,5,NAmes,137430.0,7.49,5.6
1605,3,2,1915,3,OldTown,101730.0,6.89,3.2
988,2,1,1973,4,MeadowV,84970.0,7.01,5.4
952,2,1,1956,4,NAmes,129030.0,7.24,4.1
1285,2,1,1948,5,BrkSide,131770.0,3.41,4.6
1768,4,2,1968,4,Sawyer,136590.0,4.97,4.1
1230,2,1,1910,5,OldTown,114080.0,3.64,5.5
2142,4,2,1968,6,NAmes,185250.0,7.75,6.0
1337,2,2,1998,6,Mitchel,149210.0,6.43,6.0
1563,3,2,2007,8,Somerst,245540.0,4.82,7.3
1065,3,1,1960,5,NAmes,131450.0,3.35,4.3
1474,3,2,1995,7,Gilbert,169370.0,4.71,5.6
2417,4,2,1991,8,NoRidge,260630.0,4.79,9.7
1560,3,2,2005,6,Gilbert,167970.0,7.01,4.8
1224,2,2,2009,6,Somerst,159970.0,6.51,5.3
1526,2,1,1915,3,IDOTRR,76360.0,7.88,2.3
990,3,1,1994,4,CollgCr,121800.0,5.6,4.9
1040,2,1,1950,4,NAmes,113920.0,3.66,3.7
1235,2,1,1961,5,NAmes,92840.0,6.92,6.2
964,2,1,1921,5,Crawfor,156960.0,7.18,4.3
2291,4,2,1910,6,OldTown,130630.0,6.09,6.3
1786,3,2,1997,6,CollgCr,198030.0,7.24,5.2
1470,3,2,1993,6,Gilbert,182840.0,5.72,8.1
1588,3,2,1999,7,CollgCr,211360.0,5.88,5.8
960,3,1,1965,4,Edwards,93700.0,5.35,4.3
835,2,1,1920,5,Edwards,88580.0,3.14,5.6
1225,3,1,1959,4,NAmes,133180.0,3.59,4.4
1610,3,2,1977,6,NWAmes,210490.0,3.17,5.8
1732,3,2,1985,6,SawyerW,173500.0,6.5,5.9
1535,4,2,1979,5,SawyerW,119774.0,4.73,5.0
1226,3,2,2009,7,CollgCr,196500.0,5.8,6.9
1818,4,1,1931,7,IDOTRR,160530.0,7.99,8.0
1992,3,2,2003,8,Somerst,251890.0,4.37,10.0
1047,2,1,1885,4,OldTown,99220.0,5.26,3.4
789,2,1,1948,5,OldTown,108520.0,7.16,3.6
1517,3,2,1919,5,IDOTRR,117220.0,4.26,4.9
1844,3,2,1977,6,NWAmes,194740.0,3.42,8.6
1855,4,2,1954,6,Edwards,138130.0,4.59,5.2
1430,3,2,2000,7,Gilbert,183330.0,3.89,8.6
2696,4,2,2007,7,CollgCr,374640.0,8.11,8.7
2259,3,2,1953,6,Crawfor,209680.0,7.44,5.4
2320,3,2,1945,6,Crawfor,255060.0,6.48,6.6
1458,2,2,1999,6,Somerst,167630.0,7.79,7.6
1092,3,1,1962,5,Sawyer,131740.0,7.42,4.6
1125,2,1,2006,5,Edwards,157910.0,4.03,4.8
3222,5,3,1990,7,SawyerW,311270.0,7.91,6.4
1456,3,2,2005,6,CollgCr,161080.0,5.97,5.0
988,1,1,1969,6,ClearCr,172680.0,7.44,5.4
1123,3,1,1939,4,IDOTRR,91210.0,7.93,2.8
1080,3,1,1958,6,NAmes,136750.0,4.75,6.0
1199,2,2,1993,6,SawyerW,158070.0,3.61,5.2
1586,3,2,1979,6,NWAmes,183250.0,4.25,6.2
754,2,1,1935,6,IDOTRR,83450.0,5.35,4.4
958,2,2,1976,6,NPkVill,120500.0,7.5,6.3
840,3,1,1930,5,OldTown,78810.0,7.73,5.8
1348,3,1,1966,6,NAmes,160880.0,3.04,4.0
1053,3,1,1958,5,NAmes,147570.0,5.81,5.4
2157,4,2,1966,7,NAmes,225100.0,5.3,8.2
2054,3,2,2000,6,Gilbert,246340.0,4.22,4.8
1327,3,1,1959,5,NAmes,154770.0,3.66,6.7
1296,2,2,2001,8,Timber,220420.0,4.86,8.4
1721,3,2,1968,5,Sawyer,170430.0,8.19,4.3
1682,3,2,1970,7,NWAmes,174660.0,4.78,6.9
1214,3,2,1967,5,NAmes,140450.0,5.85,5.6
1959,5,3,1988,7,Mitchel,165390.0,6.87,7.1
1852,3,2,1999,8,CollgCr,230000.0,5.0,8.5
1764,3,2,1997,6,CollgCr,221480.0,8.34,5.1
864,3,1,1971,4,NAmes,105130.0,8.29,4.2
1734,3,2,2005,7,CollgCr,261860.0,4.38,5.6
1385,4,2,1952,5,NAmes,163810.0,5.73,4.9
1501,3,2,1999,7,CollgCr,205050.0,4.65,6.1
1728,6,2,1963,5,Sawyer,126290.0,4.57,4.3
1709,3,2,2004,6,Edwards,135400.0,3.2,7.2
875,2,1,1931,5,BrkSide,100950.0,6.35,6.1
2035,3,2,2001,7,Gilbert,220220.0,5.76,7.6
1080,3,1,2004,7,SawyerW,146160.0,3.28,5.9
1344,3,1,1936,5,BrkSide,116410.0,4.53,4.7
969,3,1,1975,5,CollgCr,113000.0,8.0,6.2
1710,2,2,2007,8,NridgHt,374442.0,4.32,8.1
1993,4,2,1971,6,NWAmes,193600.0,3.8,8.3
1252,1,1,1960,6,ClearCr,232930.0,5.69,6.4
1200,4,1,1923,6,OldTown,114740.0,8.42,6.2
1096,2,1,1924,6,Edwards,81010.0,4.33,5.7
1040,2,1,1950,5,NAmes,104400.0,6.7,5.1
1968,4,2,2009,8,Timber,262930.0,7.19,7.8
1947,3,2,2004,7,Somerst,256970.0,4.31,7.7
2462,4,2,2005,7,Gilbert,313970.0,7.01,8.0
1232,3,2,1984,6,Veenker,162440.0,5.02,5.2
2668,3,2,2003,9,NridgHt,408060.0,6.48,7.7
1541,3,2,2005,7,NridgHt,215560.0,6.48,5.2
882,1,1,1956,4,OldTown,100350.0,5.95,4.5
1616,3,2,1926,6,OldTown,156500.0,3.5,4.9
1355,4,2,1940,5,Edwards,119730.0,7.59,2.8
1867,2,1,1955,5,ClearCr,190720.0,4.76,5.4
2161,3,1,2007,8,NridgHt,328534.0,4.03,10.0
1720,3,2,2004,7,Gilbert,188840.0,3.22,7.0
1707,2,2,1981,8,Timber,224250.0,6.25,8.8
1382,2,1,1941,5,OldTown,123310.0,6.73,5.1
1656,3,1,1960,6,NAmes,220730.0,3.09,5.9
1767,2,2,1987,7,StoneBr,236540.0,5.82,7.9
1362,3,1,1961,6,NAmes,165250.0,4.25,5.7
1651,3,2,1986,6,Timber,179350.0,6.55,6.3
2158,4,2,1950,6,Edwards,246120.0,3.96,6.3
2060,4,2,1988,6,ClearCr,205600.0,6.8,5.3
1920,4,2,1958,5,Sawyer,172110.0,5.13,6.0
2234,1,2,2008,9,StoneBr,492387.0,8.15,8.8
968,2,1,1923,5,OldTown,103720.0,3.76,4.2
1525,3,2,2000,6,Somerst,177360.0,4.88,6.5
1802,4,1,1920,7,Crawfor,204240.0,3.62,6.1
1340,3,1,1957,5,Edwards,110730.0,8.09,5.0
2082,3,2,2003,7,OldTown,191510.0,7.83,7.0
1252,3,1,1908,5,BrkSide,128740.0,4.42,6.1
3608,4,2,1892,10,OldTown,470110.0,6.63,10.0
1217,3,2,1990,7,Mitchel,165530.0,7.49,7.0
1656,3,2,1916,5,OldTown,131850.0,6.05,5.8
1224,2,0,1979,5,SawyerW,150607.0,5.91,6.4
1593,0,1,2001,8,StoneBr,288010.0,4.33,8.6
2727,3,2,1932,8,Crawfor,319470.0,3.51,8.0
1479,4,1,1972,7,NAmes,175210.0,7.93,5.7
1431,3,2,1999,7,CollgCr,183150.0,7.95,5.9
1709,3,2,2004,7,Edwards,125560.0,6.48,6.7
864,3,1,1972,5,CollgCr,127420.0,4.86,4.4
1456,3,2,1976,6,NPkVill,148740.0,4.92,5.8
1726,3,2,2007,7,Somerst,305902.0,6.99,7.1
3112,4,2,1918,8,NAmes,226210.0,7.93,8.5
2229,5,1,1912,6,OldTown,95360.0,7.88,5.9
1713,3,2,2004,8,NridgHt,268030.0,7.29,8.5
1121,2,2,2003,4,Edwards,135410.0,6.53,4.1
1279,3,2,1977,6,Mitchel,176120.0,3.46,4.0
1310,2,2,1924,6,OldTown,115330.0,3.89,5.1
848,1,1,2004,6,CollgCr,140180.0,7.94,5.9
1284,2,1,1947,5,OldTown,105980.0,6.34,3.8
1442,3,2,1990,7,Gilbert,186350.0,3.05,7.6
1696,3,1,1962,5,Sawyer,148220.0,3.56,6.5
1100,3,1,1960,4,NAmes,136050.0,6.65,5.2
2062,3,2,1988,7,SawyerW,282910.0,3.03,6.8
1092,3,1,1964,6,NAmes,148360.0,3.88,7.5
864,2,1,1925,5,Edwards,94940.0,6.02,5.1
1212,3,2,2009,6,Edwards,180570.0,6.81,5.7
1852,3,2,2009,7,Somerst,247908.0,6.59,6.4
990,3,1,1995,5,CollgCr,158310.0,4.23,4.7
1392,3,1,1977,6,CollgCr,155990.0,6.92,5.6
1236,2,1,1957,5,NAmes,136550.0,4.3,5.2
1436,3,2,2004,7,CollgCr,210630.0,4.79,7.2
1328,3,1,1925,4,OldTown,100670.0,7.11,4.0
1954,3,1,1939,7,Crawfor,306790.0,6.57,7.4
1248,2,2,2005,7,Blmngtn,159230.0,7.67,8.2
1498,2,2,2006,7,CollgCr,200040.0,6.62,7.9
2267,4,2,2002,6,Gilbert,196610.0,6.13,4.5
1552,3,2,1975,6,NWAmes,184340.0,3.52,3.4
864,2,1,1971,4,NAmes,96940.0,5.02,4.9
2392,3,2,2003,10,NridgHt,387870.0,4.46,8.6
1302,3,2,1971,5,BrDale,113980.0,4.34,4.8
2520,4,2,1995,7,NoRidge,279950.0,8.35,5.8
987,2,1,1970,6,BrDale,105520.0,5.16,4.2
912,3,1,1967,5,Sawyer,116270.0,7.91,5.5
1555,2,2,2005,7,Blmngtn,188090.0,6.47,7.8
1194,3,1,1959,6,NAmes,140890.0,7.37,5.4
2794,4,2,1995,8,NoRidge,400720.0,5.76,5.4
987,2,1,1972,6,BrDale,90990.0,6.17,5.5
894,3,1,1976,5,CollgCr,126070.0,5.71,5.4
1960,4,2,2002,6,Gilbert,219290.0,4.07,4.5
987,2,1,1971,6,BrDale,83590.0,6.97,6.2
1414,3,2,2004,7,CollgCr,186880.0,4.54,7.0
1744,3,2,1993,7,SawyerW,200110.0,3.13,7.6
1694,3,2,2007,8,NridgHt,313350.0,6.55,8.1
1487,3,1,1945,6,Edwards,116090.0,3.97,5.0
1566,3,2,2008,8,Somerst,252990.0,8.17,9.2
866,2,1,1945,5,OldTown,100750.0,8.25,4.8
1440,3,1,1900,5,OldTown,69910.0,8.03,5.0
1217,3,1,1980,6,SawyerW,119880.0,5.04,5.1
2110,3,2,1994,7,SawyerW,210730.0,3.09,6.6
1872,3,2,1988,7,NWAmes,232170.0,8.11,6.1
1928,4,2,1910,6,OldTown,135920.0,5.36,5.8
1375,2,1,1954,6,NAmes,130040.0,8.32,7.7
1668,3,2,2003,7,CollgCr,170100.0,8.3,5.6
2144,4,2,1958,6,ClearCr,268930.0,7.69,4.4
1306,3,1,1940,3,BrkSide,77640.0,4.62,4.5
1625,2,2,2006,8,Crawfor,234640.0,5.12,7.8
1640,3,2,2004,6,SawyerW,164960.0,7.68,5.3
1302,3,2,1964,6,NAmes,158780.0,4.74,7.0
1314,3,1,1957,5,NAmes,148210.0,3.93,4.4
2291,4,2,1999,7,Gilbert,226820.0,6.06,8.8
1728,3,2,2003,6,Somerst,198050.0,8.15,6.7
1604,3,2,2006,7,CollgCr,214510.0,6.83,6.5
1792,3,2,2001,7,CollgCr,228080.0,6.14,9.2
882,2,1,1956,5,OldTown,101410.0,3.53,4.4
1382,3,1,1962,6,NAmes,171860.0,6.38,6.7
2574,3,2,2007,8,CollgCr,265650.0,8.45,8.3
1212,3,1,1977,6,Sawyer,154690.0,3.77,7.3
1316,3,1,1929,5,OldTown,127450.0,5.85,6.6
764,2,1,1925,5,OldTown,64510.0,7.83,5.0
1422,3,2,1981,6,NWAmes,169290.0,7.07,5.2
1511,3,2,1997,6,Gilbert,179510.0,6.83,6.5
2192,4,2,1939,5,SWISU,173920.0,6.86,4.3
778,2,1,1940,5,IDOTRR,120560.0,4.98,7.0
1113,3,1,1976,6,Edwards,149170.0,4.61,6.1
1939,3,2,2006,8,Somerst,258650.0,7.45,7.6
1363,2,1,1954,7,ClearCr,234120.0,7.46,7.2
2270,4,2,1999,8,NoRidge,281690.0,7.77,6.7
1632,3,2,1958,6,NAmes,129940.0,8.02,5.0
816,2,1,1982,5,Mitchel,122070.0,5.81,6.2
1548,3,2,1925,7,BrkSide,202720.0,5.76,6.3
1560,3,2,2003,7,Mitchel,193830.0,7.39,6.0
864,2,1,1951,4,Gilbert,136290.0,6.57,4.5
2121,3,2,2006,9,NridgHt,409718.0,6.86,10.0
2022,4,2,1977,7,ClearCr,184860.0,7.38,7.7
1982,3,2,1989,7,SawyerW,219800.0,7.9,8.0
1262,2,2,2006,6,Somerst,185420.0,4.86,5.2
1314,2,2,2007,7,NridgHt,207290.0,5.07,5.6
1468,3,2,2008,8,Somerst,249040.0,3.52,9.5
1575,2,2,1992,6,SawyerW,175660.0,6.18,5.7
1250,2,2,2006,7,Somerst,170100.0,3.2,6.7
1734,3,1,1962,6,NAmes,157320.0,5.56,7.3
858,3,1,1971,4,NAmes,85060.0,5.98,4.6
900,3,1,1967,5,Sawyer,123260.0,4.58,5.5
1396,3,1,1915,6,BrkSide,149825.0,6.25,8.2
1919,3,2,2006,8,CollgCr,238720.0,3.17,7.4
1716,6,2,1912,5,SWISU,141270.0,3.21,5.9
1716,3,1,1949,5,Edwards,123440.0,7.52,5.1
2263,3,2,1977,7,NWAmes,235060.0,4.98,7.3
1644,3,1,1953,6,NAmes,170900.0,3.7,7.5
1003,3,1,1984,6,Mitchel,139890.0,5.87,6.5
1558,4,1,1950,5,IDOTRR,145310.0,7.23,5.5
1950,3,2,1997,7,Somerst,241430.0,4.19,8.1
1743,3,1,1968,6,NWAmes,170710.0,6.43,5.6
1152,3,1,1950,6,Crawfor,163090.0,3.47,5.2
1336,2,1,1953,5,Crawfor,162160.0,3.28,4.0
2452,4,2,1998,8,CollgCr,264240.0,5.92,6.0
1541,3,2,2001,7,CollgCr,202090.0,5.97,9.1
894,3,1,1972,5,CollgCr,145370.0,6.51,3.9
3493,3,3,1880,7,OldTown,289030.0,6.99,6.8
2000,3,2,2004,8,CollgCr,295790.0,8.37,7.7
2243,4,2,1990,7,SawyerW,222480.0,5.84,7.3
1406,3,1,1920,6,IDOTRR,90160.0,4.78,6.8
861,1,1,1940,4,Edwards,75390.0,7.37,4.9
1944,3,2,2003,9,NridgHt,361530.0,4.49,8.4
1501,3,2,1993,6,Gilbert,164370.0,5.41,5.8
972,2,1,1948,6,NAmes,136710.0,3.43,6.3
1118,3,1,1939,5,OldTown,125480.0,3.14,4.8
2036,3,2,1965,7,Timber,365130.0,8.29,8.6
1641,3,1,1925,7,OldTown,170200.0,7.6,7.5
1432,3,2,2004,7,Gilbert,183010.0,6.83,7.7
2353,4,2,1980,7,NWAmes,259250.0,5.25,7.7
1959,3,2,2006,8,Somerst,273150.0,3.95,9.2
2646,4,2,1993,7,NoRidge,263420.0,3.86,7.2
1472,3,2,1980,7,NWAmes,189360.0,4.38,5.7
2596,4,3,2006,9,NridgHt,339583.0,6.02,9.4
2468,4,2,2004,8,NridgHt,348210.0,6.93,7.3
2730,4,2,1986,7,SawyerW,296110.0,6.63,6.5
1163,3,1,1955,3,OldTown,127555.0,4.54,3.6
2978,5,2,1967,7,NAmes,232250.0,8.25,8.2
803,2,1,1941,5,IDOTRR,80820.0,7.06,5.0
1719,1,1,1993,8,Veenker,320850.0,6.05,8.3
1383,3,1,1960,6,NAmes,141170.0,6.36,7.7
2134,5,2,1916,6,BrkSide,213570.0,5.31,6.2
1192,3,1,1920,5,IDOTRR,79920.0,4.36,7.6
1728,6,2,1964,5,NAmes,119120.0,4.96,5.6
1056,3,1,1958,5,NAmes,132490.0,7.17,3.2
1629,3,2,2003,8,NridgHt,289760.0,3.08,8.8
1358,2,2,2004,7,NridgHt,211080.0,3.64,7.4
1638,3,2,1998,6,Gilbert,197250.0,3.25,7.3
1786,3,2,1965,5,Timber,234290.0,3.22,5.7
1922,3,2,2005,9,StoneBr,369296.0,7.71,8.9
1536,3,2,2002,7,CollgCr,208390.0,6.87,5.8
1621,3,2,1984,7,NWAmes,200670.0,5.61,6.8
1215,3,1,1958,6,NAmes,159380.0,3.54,5.1
1908,4,2,2002,8,Timber,200800.0,5.7,7.4
841,2,1,1950,4,SawyerW,80200.0,5.6,4.6
1040,2,2,1949,3,NAmes,90650.0,3.95,4.7
1684,2,2,2005,9,NridgHt,264830.0,5.39,9.4
1112,3,1,1976,5,MeadowV,84430.0,5.19,3.8
1577,3,1,1939,6,BrkSide,136030.0,6.39,6.4
958,2,1,1960,6,NAmes,147030.0,6.49,7.2
1478,3,2,1960,6,NAmes,162750.0,3.25,5.4
1626,2,2,2003,7,NridgHt,153820.0,5.06,6.9
2728,4,2,2005,9,NridgHt,432834.0,6.44,9.0
1869,2,2,2007,9,NridgHt,315751.0,5.77,8.2
1453,2,1,1986,7,ClearCr,181870.0,7.71,7.6
1111,3,1,1941,5,Edwards,90140.0,6.62,4.9
720,2,1,1928,6,OldTown,109200.0,3.9,6.4
1595,2,1,1940,6,SWISU,144830.0,3.39,5.1
1200,3,2,1995,6,CollgCr,172910.0,6.53,5.6
1167,3,2,1992,6,Gilbert,178550.0,3.15,6.7
1142,3,1,1976,5,MeadowV,130340.0,6.22,4.6
1352,3,1,1958,5,ClearCr,120490.0,8.17,6.7
1924,3,2,1998,8,NoRidge,276490.0,6.17,7.6
912,2,1,1978,6,Mitchel,155610.0,5.13,6.2
1505,3,1,1940,5,BrkSide,140380.0,6.54,5.9
1922,4,3,2003,7,Edwards,196940.0,5.52,5.6
987,2,1,1972,6,BrDale,115000.0,6.0,4.2
1574,3,2,1976,6,NWAmes,180460.0,8.18,4.5
1344,3,1,1920,5,IDOTRR,146640.0,5.12,6.3
1394,3,1,1963,6,NAmes,149130.0,8.29,5.4
1431,3,1,1962,6,NAmes,156060.0,7.98,8.6
1268,2,1,1954,5,NAmes,134760.0,4.08,4.4
1287,3,1,1959,5,NAmes,166860.0,3.38,5.2
1664,3,2,2000,6,Gilbert,176750.0,3.55,7.5
1588,4,2,1959,4,ClearCr,140132.0,3.1,6.0
752,2,1,1984,6,SawyerW,129440.0,3.52,8.1
1319,3,1,1953,5,NAmes,117720.0,6.76,6.2
1928,4,2,2003,7,CollgCr,224330.0,3.39,8.0
904,1,0,1922,1,Edwards,61750.0,4.75,1.6
914,2,1,1996,5,CollgCr,140050.0,7.65,5.8
2466,4,3,2004,8,Somerst,345610.0,3.13,7.4
1856,1,1,2010,9,StoneBr,386992.0,7.48,8.2
1800,3,2,2000,6,Gilbert,180350.0,4.55,6.0
1691,3,2,1924,5,SWISU,131050.0,3.65,4.8
1301,2,2,2006,7,Somerst,182260.0,6.83,6.5
1797,3,2,2006,7,CollgCr,209120.0,6.46,7.7
784,2,1,1928,6,SawyerW,67510.0,7.83,7.0
1953,3,2,1992,6,ClearCr,233880.0,7.04,6.1
1269,2,2,2004,8,Blmngtn,184740.0,7.42,9.5
1184,5,1,1910,5,Edwards,82350.0,4.55,3.9
1125,3,1,1976,6,Edwards,128060.0,3.98,5.8
1479,3,2,1999,7,CollgCr,184610.0,7.13,6.3
2332,3,2,2007,10,NridgHt,418680.0,7.44,8.1
1367,4,1,1900,5,Edwards,108650.0,8.45,4.9
1961,3,2,2001,6,Mitchel,214190.0,5.27,5.9
882,3,1,1959,5,NAmes,106350.0,5.05,6.5
788,2,1,1941,4,BrkSide,93190.0,7.27,4.6
1034,2,1,1940,5,OldTown,109390.0,4.87,4.0
1144,3,1,1956,5,Edwards,119640.0,8.12,6.9
894,2,1,1972,5,CollgCr,114840.0,7.72,6.2
1812,4,2,1962,5,NAmes,168420.0,5.36,5.6
1077,2,1,1920,5,IDOTRR,60610.0,7.13,4.8
1550,2,2,2006,7,Somerst,234550.0,7.15,6.0
1288,1,1,1996,8,Veenker,249790.0,3.57,7.6
1310,3,2,2005,7,CollgCr,156110.0,7.96,8.1
672,2,1,1940,5,Sawyer,105660.0,5.78,6.9
2263,4,2,1998,8,NoRidge,250350.0,7.55,9.5
1572,3,2,1995,6,Gilbert,168720.0,4.76,5.5
1620,3,2,1976,4,Sawyer,141210.0,7.93,2.9
1639,3,1,1936,6,SWISU,114580.0,5.14,6.1
1680,4,2,1915,6,Crawfor,182820.0,3.06,4.2
2172,3,2,2006,7,NridgHt,271060.0,7.98,7.3
2078,3,2,2007,8,Somerst,344250.0,3.5,7.9
1276,3,1,1958,5,Edwards,60720.0,4.76,4.5
1056,3,1,1955,5,Gilbert,135310.0,8.23,3.4
1478,2,2,2009,7,Somerst,212310.0,8.23,7.5
1028,2,1,1927,5,OldTown,111550.0,6.15,4.5
2097,3,2,1993,7,SawyerW,223560.0,6.48,5.8
1340,3,2,2007,7,Gilbert,179724.0,5.47,4.1
1400,3,1,1978,6,Sawyer,150670.0,4.61,6.0
2624,4,2,1918,6,Crawfor,239570.0,4.81,7.8
1134,3,1,1940,5,Edwards,120900.0,6.7,6.7
1056,3,1,1968,5,NAmes,135580.0,7.14,4.5
1344,2,2,1997,7,Mitchel,199250.0,7.35,6.4
1602,3,2,1977,6,NWAmes,207980.0,7.34,6.5
988,2,1,1954,5,Mitchel,117500.0,3.5,4.0
2630,4,2,1998,8,NoRidge,312840.0,5.72,8.3
1196,2,1,1956,6,NAmes,144040.0,3.32,6.8
1389,3,1,1946,7,OldTown,131940.0,6.02,8.2
1644,2,2,1989,7,SawyerW,273710.0,5.43,6.9
907,3,1,1957,4,NAmes,100368.0,7.88,3.8
1208,2,2,2007,7,CollgCr,195610.0,4.93,6.1
1412,3,2,1988,6,Timber,179080.0,3.64,5.2
987,2,1,1971,6,BrDale,89030.0,3.79,5.8
1198,4,1,1920,6,OldTown,73330.0,7.19,6.4
1365,2,1,1971,5,BrDale,118300.0,6.4,5.9
1604,3,2,1997,6,Gilbert,185320.0,3.56,5.2
630,1,1,1972,4,MeadowV,85620.0,3.46,5.5
1661,3,2,1996,7,CollgCr,206420.0,6.86,6.7
1118,2,1,1920,6,OldTown,120800.0,3.4,6.0
904,2,1,1926,6,BrkSide,111440.0,7.52,5.3
694,2,1,1913,5,Crawfor,84710.0,6.88,2.6
1196,3,1,1920,6,Edwards,114650.0,3.45,6.9
2402,2,2,2008,10,NridgHt,559590.0,3.47,10.0
1440,4,2,1955,4,Edwards,107710.0,8.43,3.7
1573,3,2,1930,5,BrkSide,162720.0,5.06,5.1
1258,2,2,2006,7,Blmngtn,172380.0,5.04,7.5
1908,4,2,1994,7,CollgCr,202590.0,7.47,5.4
1689,3,1,1956,6,Edwards,117870.0,8.21,5.5
1888,2,2,1966,6,NAmes,179740.0,8.42,6.8
1886,4,2,1998,7,Gilbert,193480.0,7.14,5.7
1376,3,2,1937,6,IDOTRR,119290.0,5.07,6.3
1183,2,1,1948,3,OldTown,124620.0,3.46,1.6
813,2,1,1930,6,OldTown,103190.0,7.27,6.5
1533,2,2,1975,7,ClearCr,276790.0,6.07,7.0
1756,3,2,1996,6,Timber,203010.0,5.33,4.4
1590,3,2,2008,8,Somerst,201060.0,7.98,9.2
1728,4,2,1976,5,Mitchel,192170.0,3.61,4.3
1242,3,1,1973,7,NWAmes,173370.0,5.71,6.2
1344,4,1,1916,5,OldTown,103820.0,3.06,5.2
1663,2,1,1954,4,ClearCr,254260.0,5.58,5.1
1666,3,1,1925,8,OldTown,166070.0,3.31,7.0
1203,3,1,1950,5,BrkSide,114050.0,3.65,5.1
1935,3,2,2009,8,Somerst,267485.0,3.65,8.4
1135,3,1,1936,7,SWISU,150290.0,6.57,7.7
864,3,1,1965,5,Sawyer,56083.0,7.1,5.2
1660,3,1,1934,6,Crawfor,185070.0,6.21,5.6
1040,3,2,1978,5,CollgCr,114130.0,8.29,4.2
1414,2,2,2004,7,Blmngtn,178560.0,5.06,7.1
1277,2,1,1970,7,NAmes,168290.0,4.57,5.9
1644,3,1,1942,5,NAmes,138160.0,7.78,2.1
1634,3,2,2006,8,NridgHt,252310.0,4.23,8.4
1710,3,2,1993,6,SawyerW,177100.0,8.3,6.9
1502,1,1,1985,8,StoneBr,217790.0,3.07,5.6
1969,3,2,1977,7,NWAmes,180010.0,8.33,6.0
1072,2,1,2005,6,Edwards,153280.0,3.24,6.6
1976,2,2,2006,8,NridgHt,431300.0,7.9,10.0
1652,2,2,2000,8,StoneBr,248300.0,5.9,8.0
970,2,1,1963,5,Sawyer,122120.0,8.46,4.3
1493,3,2,1997,6,CollgCr,213670.0,3.41,5.8
2643,3,2,2006,9,NridgHt,376850.0,6.05,10.0
1718,3,2,2007,8,CollgCr,287010.0,8.33,7.4
1131,2,1,1937,4,OldTown,86831.0,5.88,3.2
1850,3,2,2004,9,NridgHt,321620.0,6.46,8.5
1792,2,2,2003,9,NridgHt,368510.0,6.83,8.0
1826,4,1,1915,7,OldTown,153500.0,5.5,7.1
1216,2,2,1998,6,Mitchel,159650.0,6.45,7.6
999,3,1,1962,5,Sawyer,128870.0,6.21,5.3
1113,3,1,1950,5,NAmes,138120.0,7.96,4.7
1073,3,1,1965,5,NAmes,161250.0,3.25,4.7
1484,3,2,1971,5,NWAmes,176350.0,4.55,3.4
2414,3,2,1900,5,OldTown,150310.0,8.23,5.9
630,1,1,1970,4,MeadowV,77300.0,7.9,3.9
1304,3,1,1976,5,MeadowV,113470.0,5.51,4.8
1578,3,1,1941,6,NAmes,128770.0,6.41,9.2
1456,3,2,2006,6,Gilbert,174195.0,4.53,6.3
1269,3,1,1960,5,NAmes,157910.0,4.03,4.2
886,2,1,1938,5,OldTown,89650.0,5.55,4.6
720,2,1,1920,4,IDOTRR,35080.0,4.94,5.1
3228,4,3,1992,8,NoRidge,426370.0,6.21,8.1
1820,4,2,1925,7,BrkSide,188710.0,3.43,5.6
899,3,1,1967,5,Sawyer,119920.0,8.36,5.9
912,2,1,1958,5,NAmes,109740.0,8.42,4.3
1218,3,1,1973,6,BrDale,107480.0,6.84,7.9
1768,3,2,2005,7,Somerst,223850.0,5.95,8.1
1214,2,1,1965,5,Edwards,140900.0,4.7,4.6
1801,1,2,1959,7,Crawfor,281560.0,7.48,8.3
1322,3,2,1974,6,NPkVill,141690.0,6.77,6.1
1960,4,2,1952,5,OldTown,127830.0,3.89,5.9
1911,3,2,1993,8,SawyerW,205970.0,8.01,8.5
1218,2,2,2009,6,Somerst,200740.0,7.52,5.2
1378,3,2,1928,7,OldTown,151340.0,8.22,6.4
1041,3,1,1959,5,NAmes,118530.0,6.99,6.0
1363,2,1,1951,5,NAmes,160790.0,6.37,4.7
1368,2,2,2005,7,NridgHt,201765.0,5.3,6.6
864,3,1,1958,5,NAmes,120510.0,8.13,4.0
1080,3,1,1983,6,Mitchel,125720.0,7.76,6.4
789,2,1,1926,5,Crawfor,101750.0,3.25,7.1
2020,3,2,2009,10,NridgHt,408411.0,3.15,8.9
2119,3,2,1972,6,NWAmes,157790.0,5.07,6.0
2344,3,2,1996,7,NoRidge,257620.0,7.46,8.4
1796,3,2,1998,6,CollgCr,200710.0,8.43,5.9
2080,3,1,1926,7,Crawfor,237510.0,3.83,7.5
1294,3,2,1900,4,OldTown,102440.0,6.27,2.9
1244,3,1,1957,6,NAmes,149730.0,5.09,6.4
1664,3,2,1947,6,BrkSide,149010.0,8.33,5.8
4676,3,3,2007,10,Edwards,176860.0,7.63,10.0
2398,3,2,1996,7,NoRidge,307920.0,7.61,8.2
1266,3,2,2005,7,Somerst,174260.0,5.58,9.6
928,2,1,1956,5,NAmes,131160.0,5.28,5.6
2713,3,2,2008,9,NridgHt,447761.0,4.5,9.3
605,2,1,1920,4,Edwards,91070.0,3.31,4.2
2515,4,3,1957,6,Crawfor,192344.0,7.76,5.6
1509,3,2,1988,6,Timber,167590.0,7.47,6.3
1362,3,2,1920,6,BrkSide,117500.0,8.5,5.7
827,2,1,1955,5,NAmes,97060.0,8.48,5.2
334,1,1,1946,1,BrkSide,36150.0,6.05,2.3
1414,3,2,2004,8,Gilbert,171310.0,7.23,7.0
1347,3,1,1910,5,Edwards,97900.0,8.2,6.1
1724,3,2,1998,7,CollgCr,179990.0,7.67,8.3
864,3,1,1972,4,NAmes,113170.0,4.36,3.9
1159,3,1,1968,5,Sawyer,156560.0,5.48,2.9
1601,3,2,2001,8,CollgCr,275870.0,3.71,7.4
1838,2,2,2006,9,Timber,305250.0,8.25,10.0
2285,4,2,2000,8,NoRidge,244010.0,6.33,8.0
1680,3,2,1998,7,NWAmes,215470.0,4.26,6.0
767,1,1,1998,7,NAmes,127930.0,6.69,6.5
1496,3,2,2006,7,Gilbert,175465.0,6.4,7.8
2183,4,2,1988,7,NWAmes,229090.0,4.97,7.5
1635,3,1,1923,6,BrkSide,214140.0,3.62,5.8
768,2,1,1970,5,Mitchel,124430.0,6.69,4.6
825,2,1,1955,5,OldTown,122420.0,5.86,4.6
2094,4,2,2003,7,Somerst,256250.0,7.25,6.1
1069,2,2,1977,6,NPkVill,137420.0,5.86,7.6
928,3,1,1957,5,OldTown,104430.0,7.69,4.7
1717,3,2,2006,8,NridgHt,252380.0,6.04,9.2
1126,2,2,1949,4,Edwards,104730.0,6.09,5.5
2046,3,2,2003,7,NridgHt,275540.0,7.82,8.0
1048,2,1,1922,5,BrkSide,112340.0,5.22,4.6
1092,2,1,1957,5,NAmes,144780.0,3.74,5.4
1336,3,1,1920,4,IDOTRR,113520.0,3.16,4.0
1446,3,2,1996,7,Gilbert,168550.0,7.15,6.1
1557,2,2,2003,7,Blmngtn,229770.0,6.41,7.3
1392,3,1,1957,5,Sawyer,115890.0,6.87,3.8
1389,2,1,1974,5,Mitchel,172490.0,4.17,6.2
996,3,1,1940,5,Edwards,111750.0,3.75,4.5
1674,4,2,1918,6,Edwards,190760.0,3.08,6.2
2295,4,2,1992,7,NoRidge,268210.0,4.93,7.3
1647,4,1,1915,6,SWISU,124280.0,6.24,5.7
2504,4,2,2005,9,StoneBr,324520.0,5.16,9.6
1535,3,2,2004,7,NridgHt,212770.0,5.41,6.5
2132,1,1,1983,8,SawyerW,307690.0,7.97,8.9
943,2,1,1979,5,NAmes,136200.0,4.92,3.7
1728,6,2,1965,5,NAmes,140110.0,5.83,5.1
864,2,1,1959,6,NAmes,113070.0,7.31,7.9
1692,3,2,2009,7,Timber,223960.0,5.18,6.0
1430,3,2,2000,7,Gilbert,165740.0,6.42,6.3
1109,3,1,1971,5,NAmes,130780.0,7.74,5.5
1216,2,1,1947,5,NAmes,108840.0,8.22,5.2
1477,3,2,1928,7,SWISU,148570.0,3.81,7.4
1320,3,1,1966,5,Sawyer,155200.0,8.1,5.5
1392,2,2,2007,7,Somerst,143870.0,5.71,7.6
1795,4,2,1954,5,OldTown,133240.0,4.42,6.1
1429,3,1,1960,6,NAmes,180310.0,5.53,6.4
2042,3,2,2008,8,NridgHt,243123.0,8.39,7.8
816,3,1,1990,6,Edwards,116370.0,5.71,6.7
2775,3,3,1893,10,OldTown,325570.0,4.81,10.0
1573,3,1,1935,4,BrkSide,128560.0,6.48,3.9
2028,2,2,2005,8,Timber,371940.0,4.32,7.0
838,2,1,1918,6,BrkSide,134740.0,3.42,7.1
860,2,1,1982,5,Sawyer,140870.0,3.71,4.9
1473,1,1,1968,5,ClearCr,146900.0,3.7,2.8
935,2,1,1930,5,BrkSide,82980.0,3.84,5.8
1582,3,2,2004,7,CollgCr,189620.0,3.76,6.5
2296,3,2,2008,10,NridgHt,447390.0,6.52,9.9
816,2,1,1982,5,Mitchel,141000.0,4.0,5.3
848,1,1,2003,6,CollgCr,140300.0,4.9,6.2
924,3,1,1975,5,CollgCr,101210.0,7.93,5.7
1826,3,2,2005,8,StoneBr,317170.0,5.61,7.6
1368,3,1,1910,6,OldTown,109494.0,6.67,6.5
1402,2,0,2006,7,Blmngtn,197351.0,3.95,6.7
1647,3,2,1977,5,Crawfor,220320.0,4.06,5.7
1556,3,2,1980,6,Blueste,156340.0,3.22,6.6
1904,3,2,2005,8,NridgHt,278210.0,3.93,7.1
1375,3,1,1937,6,IDOTRR,142410.0,4.53,7.1
1915,3,2,1992,8,SawyerW,223090.0,3.97,7.5
1200,2,2,2004,7,Somerst,155530.0,3.49,7.8
1494,3,2,2002,7,CollgCr,225020.0,3.66,7.4
1986,3,2,1965,7,NAmes,203410.0,5.53,8.8
1040,3,1,1996,5,CollgCr,154610.0,4.13,4.8
2008,3,3,1948,5,Edwards,225000.0,5.0,4.7
3194,4,2,1934,8,Crawfor,356790.0,5.77,8.0
1029,3,1,1961,4,Sawyer,113100.0,6.8,3.7
2153,3,2,2000,9,CollgCr,318340.0,3.22,9.8
1032,3,2,1978,6,NWAmes,140800.0,7.4,4.4
1872,3,2,2001,8,CollgCr,257150.0,6.45,6.9
1120,3,1,2007,5,Mitchel,151650.0,3.45,3.9
630,1,1,1972,4,MeadowV,67100.0,7.8,5.0
1054,3,1,1963,6,NAmes,128320.0,8.06,7.7
1509,3,2,2002,6,Gilbert,188180.0,3.34,5.9
832,2,1,1954,6,NAmes,106940.0,4.52,5.8
1828,3,2,2007,9,NridgHt,307523.0,7.43,9.1
2262,4,2,2003,8,Timber,298640.0,7.12,9.2
864,2,1,1914,3,Edwards,69970.0,4.01,2.1
2614,4,2,1974,6,NWAmes,242550.0,4.15,6.2
980,3,1,1977,5,Sawyer,134880.0,5.04,6.0
1512,2,2,2000,6,Somerst,166520.0,5.66,6.5
1790,4,1,1972,6,NWAmes,160950.0,6.4,6.2
1116,3,1,1962,6,NAmes,159910.0,5.03,7.0
1422,3,1,1960,5,NAmes,138280.0,5.54,2.3
1520,3,1,1955,6,NAmes,146670.0,7.11,6.7
2080,5,1,1969,5,NAmes,140400.0,3.2,4.3
1350,3,1,1964,6,NAmes,170330.0,4.39,4.2
1750,3,1,1880,5,OldTown,118240.0,6.92,5.5
1554,2,2,2006,8,NridgHt,200740.0,7.92,9.4
1411,3,2,1977,7,NWAmes,80070.0,5.81,6.9
1056,3,1,1954,5,NAmes,136610.0,5.93,6.0
1056,0,0,1980,6,OldTown,148230.0,3.59,7.6
3395,8,2,1914,6,SWISU,198620.0,5.46,7.3
800,1,1,1936,2,BrkSide,57210.0,5.93,3.6
1387,3,2,1954,5,OldTown,95010.0,4.33,5.7
796,2,1,1910,5,Edwards,86560.0,4.48,5.1
1567,1,2,2006,8,Blmngtn,264321.0,5.08,6.4
1518,1,1,2003,8,NridgHt,279670.0,3.11,7.8
1929,3,2,2001,7,Somerst,226690.0,4.77,6.2
2704,4,2,1972,8,NAmes,347520.0,4.16,10.0
1620,4,2,1969,5,NWAmes,152600.0,4.8,4.8
1766,2,2,2009,9,Somerst,374898.0,3.66,9.1
981,3,1,1971,6,NAmes,134550.0,7.9,6.6
1048,3,1,1950,5,NAmes,94520.0,6.26,5.0
1094,3,1,1953,6,Edwards,149780.0,6.74,7.7
1839,4,1,1966,6,NAmes,147980.0,7.34,5.4
630,1,1,1970,4,MeadowV,82280.0,5.74,4.2
1665,3,2,2007,7,Somerst,210510.0,3.48,6.3
1510,4,1,1940,4,Edwards,105150.0,5.95,2.7
1716,2,2,1996,7,CollgCr,187310.0,6.23,6.4
1469,3,1,1906,6,IDOTRR,128700.0,7.1,6.0
2113,2,2,1995,8,NoRidge,348890.0,5.37,7.6
1092,3,1,1971,6,BrDale,91900.0,3.7,5.3
1053,3,1,1959,5,NAmes,146820.0,4.56,3.6
1502,3,1,1931,7,Crawfor,149000.0,5.0,6.9
1458,3,1,1948,6,NAmes,92850.0,6.55,4.5
1486,3,1,1964,5,Edwards,163580.0,6.14,5.8
1935,3,2,1976,7,NWAmes,198020.0,4.96,7.1
2448,4,2,1994,8,NoRidge,391710.0,8.43,6.5
1392,2,1,1968,6,NAmes,106010.0,6.33,5.7
1181,3,2,1972,4,Edwards,139600.0,4.3,3.2
2097,1,1,2005,8,Somerst,427320.0,3.56,8.3
1936,3,2,2000,8,Gilbert,233980.0,3.84,9.3
2380,3,2,1965,6,NAmes,130950.0,4.35,4.1
1679,3,2,1994,6,SawyerW,196860.0,3.88,6.1
1437,3,1,1956,5,Sawyer,170910.0,4.03,4.8
1180,2,1,1922,4,Crawfor,138790.0,4.57,4.7
1476,3,2,2005,6,CollgCr,176650.0,3.95,6.2
1369,3,2,1925,6,Edwards,94810.0,7.93,5.2
1208,3,1,1977,6,Veenker,169680.0,3.44,5.7
1839,3,2,1957,6,Crawfor,254860.0,5.88,5.2
1136,3,1,1965,6,NAmes,139220.0,5.26,7.1
1441,3,2,1978,6,NPkVill,138300.0,8.4,6.0
1774,4,2,1900,4,OldTown,91140.0,3.62,5.9
792,2,1,1924,5,OldTown,108930.0,5.19,4.9
2046,3,2,2008,8,StoneBr,362510.0,8.33,7.3
988,3,1,1961,5,Sawyer,120220.0,7.76,3.5
923,2,2,1980,6,SawyerW,135530.0,7.49,4.2
1520,3,1,1932,5,SWISU,161174.0,4.42,3.4
1291,2,1,1996,6,ClearCr,176180.0,3.94,6.3
1668,3,2,2002,9,CollgCr,279960.0,6.68,9.5
1839,4,2,1998,7,NoRidge,211670.0,8.11,5.4
2090,3,2,1984,7,StoneBr,204320.0,6.06,7.9
1761,3,3,2007,7,Somerst,224455.0,6.14,6.5
1102,2,2,2004,7,Somerst,150180.0,4.54,7.1
1419,2,2,2007,8,StoneBr,385310.0,7.23,9.6
1362,2,2,2005,6,NridgHt,197610.0,4.03,6.9
848,1,1,2004,6,CollgCr,141660.0,4.78,5.7
4316,4,3,1994,10,NoRidge,753980.0,5.34,9.1
2519,4,2,1989,7,Timber,332630.0,5.79,4.8
1073,2,1,1921,5,OldTown,110490.0,4.33,4.3
1539,3,1,1936,5,BrkSide,145610.0,3.63,4.8
1137,2,2,1987,6,Timber,171920.0,6.36,5.0
616,2,1,1921,5,BrkSide,90230.0,4.59,4.9
1148,2,1,1952,5,Edwards,119900.0,6.2,5.1
894,3,1,1965,5,Sawyer,141950.0,3.85,4.8
1391,2,2,2004,7,Somerst,194050.0,5.65,6.3
1800,3,2,2002,8,Timber,309710.0,5.93,8.2
1164,3,1,1969,7,NWAmes,145130.0,3.29,7.4
2576,4,2,2006,8,StoneBr,362369.0,4.85,6.9
1812,4,2,1900,5,OldTown,143780.0,3.74,6.4
1484,3,2,2004,7,CollgCr,217950.0,3.35,6.9
1092,3,2,1930,4,IDOTRR,44680.0,8.44,4.0
1824,2,2,1971,7,ClearCr,302690.0,4.77,7.7
1324,2,2,2006,8,NridgHt,246650.0,7.45,8.2
1456,3,2,2007,7,Gilbert,181340.0,4.4,8.0
904,3,1,1966,5,Sawyer,104650.0,6.75,5.3
729,2,1,1935,3,BrkSide,45460.0,7.18,2.4
1178,2,1,1900,4,IDOTRR,98936.0,6.28,4.4
1228,2,2,1988,8,StoneBr,187230.0,5.59,6.9
960,3,1,1970,4,BrkSide,128190.0,5.27,4.1
1479,3,2,1976,6,Sawyer,130740.0,4.92,6.0
1350,3,2,1974,6,NWAmes,155670.0,8.11,5.8
2554,3,1,1890,7,OldTown,151790.0,7.57,6.9
1178,3,1,1973,5,NWAmes,147070.0,8.31,3.1
2418,3,2,1993,7,NoRidge,344960.0,3.68,6.5
971,3,1,1969,5,CollgCr,122440.0,7.02,5.1
1742,2,2,1985,8,StoneBr,265520.0,8.16,8.2
848,1,1,2004,6,CollgCr,146000.0,4.0,5.0
864,3,1,1970,4,NAmes,129390.0,3.37,5.3
1470,4,2,1954,4,Edwards,128760.0,7.08,3.1
1698,3,2,2007,9,Edwards,316520.0,6.16,10.0
864,3,1,1970,4,NAmes,112610.0,7.63,4.4
1680,3,2,1988,6,Crawfor,225690.0,3.77,5.4
1232,2,2,2007,7,CollgCr,187390.0,7.37,8.8
1776,4,2,1958,5,NAmes,112670.0,4.11,3.8
1208,2,1,1925,4,IDOTRR,106300.0,3.9,4.9
1616,2,2,1995,8,StoneBr,239800.0,3.9,9.0
1146,3,2,2003,7,Timber,180060.0,7.48,6.3
2031,3,2,1998,7,CollgCr,217520.0,6.66,8.4
1144,3,1,1961,5,Sawyer,128760.0,5.88,4.7
948,3,1,1968,5,Sawyer,108090.0,4.97,5.3
1768,2,1,1914,7,OldTown,154540.0,7.82,7.3
1040,2,2,1950,3,NAmes,93020.0,5.16,2.9
1801,3,2,2005,8,Gilbert,232430.0,7.49,8.8
1200,3,3,1987,5,Edwards,177740.0,5.42,5.8
1728,3,2,2004,7,CollgCr,189790.0,5.07,5.3
1432,2,2,1910,5,OldTown,130380.0,5.54,6.3
912,3,1,1961,6,Sawyer,143020.0,4.66,4.3
1349,3,2,2000,7,SawyerW,172670.0,7.11,8.0
1464,3,2,1963,5,Sawyer,172720.0,5.76,6.1
1337,2,2,1993,8,StoneBr,182160.0,4.28,6.9
2715,4,3,1976,8,NWAmes,290950.0,7.95,7.6
2256,4,2,2000,7,Gilbert,235670.0,5.11,5.9
2640,4,1,1880,7,OldTown,263009.0,5.99,6.8
1720,3,2,1996,7,NoRidge,251430.0,7.99,6.7
1529,4,2,1945,4,Edwards,93710.0,6.43,4.8
1140,3,1,1910,4,OldTown,100580.0,3.64,5.3
1320,3,2,2003,7,Gilbert,152490.0,8.17,8.4
1494,3,2,1997,6,CollgCr,212650.0,6.45,5.4
2098,3,2,2005,8,NridgHt,275980.0,4.84,7.8
1026,3,1,1969,6,NAmes,159690.0,3.77,4.3
1471,3,2,1999,6,Somerst,165390.0,7.37,5.2
1768,3,2,2007,8,CollgCr,207770.0,6.41,9.0
1386,3,2,1978,6,Sawyer,156110.0,5.93,7.6
1501,3,2,1999,7,Somerst,170640.0,7.92,5.8
2531,4,2,1995,8,NoRidge,282980.0,7.34,7.4
864,2,1,1959,6,NAmes,131010.0,3.83,6.0
1301,2,1,1924,5,BrkSide,100870.0,4.71,5.3
1547,3,2,2009,7,Somerst,217090.0,4.37,6.2
2365,3,2,1999,8,NoRidge,330730.0,7.09,8.4
1494,2,1,1995,8,Veenker,275460.0,3.18,7.5
1506,2,2,2008,9,Somerst,260742.0,6.13,9.0
1714,3,2,1988,7,NWAmes,189930.0,7.19,7.5
1750,4,2,1940,6,Mitchel,151540.0,7.82,6.0
1836,3,2,2004,7,CollgCr,217197.0,4.88,6.6
3279,4,3,2003,8,StoneBr,530440.0,7.52,7.9
858,2,1,1982,5,Sawyer,139070.0,3.61,4.9
1220,2,1,1951,4,Edwards,94020.0,7.66,3.6
1117,3,1,1976,6,Edwards,110900.0,3.7,5.7
912,2,1,1958,5,NAmes,113930.0,5.19,6.6
1973,3,2,2006,8,NridgHt,387830.0,7.39,8.6
1204,2,2,1998,6,Mitchel,165540.0,3.82,5.7
1614,3,2,2005,7,CollgCr,223720.0,4.26,7.7
894,3,1,1974,5,Sawyer,136590.0,6.97,4.7
2020,4,2,1977,5,SawyerW,138120.0,6.96,6.2
1004,2,1,1977,6,Mitchel,130410.0,6.53,6.4
1253,3,2,1995,7,Gilbert,170540.0,6.82,6.9
1603,3,2,1992,6,SawyerW,172960.0,5.98,6.4
1430,3,2,2001,7,CollgCr,188960.0,4.38,5.4
1110,1,1,1978,5,Mitchel,165800.0,4.9,3.9
1484,3,2,1914,6,OldTown,131000.0,4.0,4.8
1342,3,2,1967,6,NWAmes,152500.0,8.0,6.1
1652,4,2,1915,5,OldTown,135370.0,6.21,6.7
2084,4,2,2004,7,SawyerW,232400.0,5.2,9.2
901,2,1,1954,4,OldTown,106280.0,5.54,4.6
2087,5,2,1966,6,ClearCr,177870.0,8.21,6.5
1145,2,2,2005,7,Blmngtn,163680.0,3.84,5.2
1062,3,1,1976,6,Mitchel,143140.0,6.22,5.5
2013,3,2,1996,7,NoRidge,267450.0,5.78,6.2
1496,3,2,2007,8,Somerst,220920.0,6.36,7.4
1895,3,2,1994,7,Gilbert,200200.0,3.1,6.8
1564,3,2,1980,6,SawyerW,162600.0,7.8,5.5
1285,3,1,1977,6,Sawyer,134110.0,8.13,4.0
773,2,1,1953,5,NAmes,106670.0,6.11,5.7
3140,4,3,2008,9,NridgHt,479510.0,6.83,7.9
1768,3,1,1937,5,SWISU,165790.0,8.07,5.2
1688,4,2,1997,6,ClearCr,194330.0,6.89,8.1
1196,2,1,1916,4,IDOTRR,113380.0,3.84,3.1
1456,3,2,2005,7,CollgCr,185490.0,6.17,4.5
2822,4,3,2008,9,NridgHt,578913.0,6.34,8.7
1128,2,1,1954,5,NAmes,117010.0,5.33,6.1
1428,3,2,2008,7,Somerst,221530.0,7.05,9.0
980,3,2,1967,5,NAmes,126080.0,8.14,3.8
1576,3,1,1923,5,BrkSide,214230.0,8.09,5.5
1086,3,1,1966,5,NAmes,158510.0,5.48,4.5
2138,2,2,1898,5,OldTown,110140.0,3.62,4.9
1309,3,1,1974,6,NWAmes,170740.0,8.42,8.6
848,1,1,2004,6,CollgCr,136670.0,7.61,4.5
1044,2,1,1952,5,IDOTRR,59923.0,3.69,5.3
1442,4,1,1958,6,NAmes,148720.0,8.06,6.5
1250,3,1,1918,5,Edwards,107660.0,7.78,6.1
1661,3,2,1998,7,CollgCr,222350.0,5.85,7.1
1008,2,1,1954,5,NAmes,133250.0,6.25,5.3
1689,3,2,2002,8,Mitchel,270430.0,5.19,7.6
1052,3,1,1971,6,ClearCr,160100.0,3.3,6.3
1358,2,2,2009,7,NridgHt,224480.0,4.84,6.7
1640,3,2,2003,7,CollgCr,175740.0,7.42,7.6
936,2,1,1953,4,OldTown,98910.0,3.03,3.6
1733,3,2,2003,7,Gilbert,225510.0,4.83,7.4
1489,3,2,1940,6,SWISU,138930.0,5.19,6.0
1489,3,2,2006,8,Somerst,229720.0,5.96,9.1
2084,2,2,2007,10,NridgHt,375820.0,8.06,9.9
784,2,1,1924,5,BrkSide,109800.0,4.9,3.2
1434,3,2,2001,7,SawyerW,189270.0,4.91,8.3
2126,3,2,1967,5,ClearCr,178820.0,7.06,4.1
1223,2,2,2005,7,Somerst,145930.0,5.49,6.3
1392,3,1,1957,6,NAmes,168280.0,4.24,5.4
1200,2,2,2005,7,Somerst,149530.0,5.49,8.4
1829,3,2,2003,7,CollgCr,240690.0,3.77,4.9
1516,3,1,1964,6,NAmes,170090.0,3.97,9.1
1144,3,1,1961,5,NAmes,137730.0,5.74,6.1
1067,2,2,1950,4,Sawyer,127100.0,5.3,4.2
1559,2,1,1948,5,OldTown,144410.0,8.03,4.9
987,2,1,1973,6,BrDale,100030.0,4.99,6.3
1099,3,1,1995,5,CollgCr,140430.0,6.19,5.5
1200,3,1,1946,5,Edwards,126060.0,6.48,5.6
1482,4,2,1925,6,SWISU,145790.0,3.07,6.6
1539,3,2,1904,5,OldTown,152550.0,6.65,5.1
1165,3,1,1966,6,NAmes,177960.0,3.98,5.8
1800,6,2,1961,5,NAmes,131130.0,8.29,4.8
1416,4,1,1915,5,OldTown,157440.0,3.82,4.8
1701,3,2,1975,5,Sawyer,170160.0,5.28,6.1
1775,3,2,1993,7,SawyerW,217590.0,3.47,7.6
864,3,1,1972,5,CollgCr,123060.0,8.48,2.1
2358,5,3,1908,6,ClearCr,237720.0,5.76,6.7
1855,3,2,1976,6,Veenker,183190.0,6.27,6.2
848,1,1,2003,6,CollgCr,136390.0,3.37,6.0
1456,2,2,2003,8,Blmngtn,208640.0,7.12,7.6
1646,4,2,1941,7,Crawfor,166550.0,4.15,8.1
1445,3,1,1964,6,NAmes,149180.0,7.94,6.9
1779,3,1,1955,5,Sawyer,172610.0,4.13,4.2
1040,3,1,1962,5,Sawyer,129850.0,4.05,5.4
1026,3,1,1978,6,CollgCr,152400.0,3.2,5.0
1481,3,2,1994,6,Gilbert,172200.0,5.6,4.6
1370,3,2,1976,7,NWAmes,148670.0,6.11,6.4
2654,4,2,1968,6,NWAmes,254920.0,3.36,6.9
1426,3,1,1918,7,Crawfor,183140.0,7.27,8.0
1039,3,1,1965,5,Sawyer,130030.0,5.49,5.5
1097,3,2,1984,6,SawyerW,149360.0,5.88,6.7
1148,3,1,1959,5,NAmes,131240.0,5.42,5.5
1372,3,2,2007,7,Somerst,249980.0,5.2,6.4
1002,3,1,1970,5,NAmes,145260.0,6.08,5.4
1646,3,2,2006,8,Timber,252350.0,3.85,8.8
1120,3,1,1961,4,Sawyer,132000.0,4.0,4.8
2320,2,2,1948,5,Gilbert,160780.0,7.74,6.2
1949,3,2,1993,7,SawyerW,226400.0,8.2,7.7
894,2,1,1962,5,NAmes,109350.0,5.05,5.4
1682,3,2,1998,6,CollgCr,202030.0,4.49,7.1
910,3,1,1953,5,NAmes,111380.0,6.54,5.0
1268,3,1,1949,5,NAmes,132250.0,5.25,4.1
1131,3,1,1941,5,OldTown,72080.0,3.14,4.8
2610,4,2,2007,8,Somerst,306897.0,3.86,7.3
1040,3,1,1963,4,Mitchel,126430.0,6.94,3.3
2224,4,2,2004,9,NridgHt,345140.0,6.62,8.9
1155,3,1,1961,5,Sawyer,153550.0,3.15,4.2
864,3,1,1978,5,CollgCr,138840.0,4.22,4.7
1090,2,1,2005,5,Edwards,159190.0,4.27,3.1
1717,3,2,1990,7,Timber,182400.0,6.7,7.2
1593,3,2,1992,6,Gilbert,183670.0,3.11,6.0
2230,5,1,1912,4,SWISU,122790.0,3.57,3.2
892,3,1,1967,5,NAmes,92800.0,7.4,5.7
1709,2,2,1999,9,Somerst,331960.0,3.98,9.9
1712,4,2,1959,5,NAmes,140230.0,6.59,3.4
1393,3,1,1955,5,Edwards,137570.0,4.31,4.2
2217,4,2,1970,8,NAmes,272350.0,3.55,7.2
1505,2,1,1953,6,NAmes,151480.0,4.34,5.1
924,3,1,1949,5,NAmes,116990.0,6.97,5.8
1683,3,2,1978,6,Sawyer,164370.0,7.71,5.8
1068,3,1,1963,6,Sawyer,146790.0,7.57,5.7
1383,3,1,1954,5,Sawyer,164460.0,5.18,3.0
1535,4,2,1979,5,SawyerW,113848.0,6.67,5.6
1796,4,1,1963,6,NAmes,142610.0,4.13,4.8
951,2,1,1936,4,IDOTRR,107670.0,4.61,4.1
2240,6,2,1979,5,SawyerW,134163.0,7.93,5.3
2364,2,2,2009,9,NridgHt,617447.0,3.07,10.0
1236,3,1,1961,5,Sawyer,139590.0,3.47,3.7
858,2,1,1971,4,NAmes,112580.0,4.14,1.0
1306,2,1,1957,5,NAmes,158550.0,3.15,5.2
1509,3,2,2003,7,Gilbert,183000.0,4.0,8.8
1670,3,2,2006,7,Gilbert,236370.0,6.21,8.2
902,3,1,1967,5,Sawyer,124540.0,5.32,5.2
1063,3,1,1954,5,NAmes,119270.0,7.91,4.5
1636,3,2,2006,8,Somerst,247500.0,7.5,8.8
2057,3,1,1936,7,Crawfor,250360.0,4.88,6.0
902,2,1,1983,5,Mitchel,132710.0,4.43,5.5
1484,3,2,2005,6,Gilbert,173730.0,5.09,6.5
2274,5,2,1960,5,NAmes,150550.0,6.25,6.1
1268,3,1,1977,5,CollgCr,145090.0,4.47,7.8
1015,3,1,1925,5,BrkSide,83710.0,6.43,5.4
2002,4,2,1949,5,Crawfor,144250.0,5.25,4.5
1224,2,2,2009,6,Somerst,170613.0,6.04,6.0
1092,3,1,1970,4,MeadowV,73800.0,5.4,2.2
480,1,0,1949,2,IDOTRR,36451.0,4.62,1.3
1229,3,1,1956,4,Edwards,125340.0,8.22,3.6
2127,4,2,1991,7,SawyerW,231400.0,7.2,6.5
1414,3,1,1958,6,NAmes,180190.0,3.77,6.2
1721,3,2,1994,6,SawyerW,192660.0,7.78,5.2
2200,4,2,1900,5,Edwards,143860.0,5.68,6.1
1316,3,2,2005,6,Gilbert,161230.0,7.92,6.0
1617,2,2,1993,6,SawyerW,185800.0,7.4,6.0
1686,3,2,1980,6,NWAmes,206480.0,5.34,5.7
1126,3,2,1977,5,NWAmes,180640.0,3.12,5.2
2374,4,2,2003,8,NridgHt,286560.0,4.48,8.8
1978,4,2,1968,7,NWAmes,173060.0,5.98,6.1
1788,3,2,2001,8,CollgCr,232060.0,6.48,7.3
2236,4,2,1997,7,Gilbert,223740.0,4.42,6.7
1466,3,2,2007,8,Timber,204690.0,3.77,6.7
925,2,1,1965,5,NAmes,109730.0,7.59,4.2
1905,3,2,2006,9,Somerst,309770.0,8.41,8.5
1500,3,2,2004,7,CollgCr,187330.0,5.89,7.9
2069,4,2,1960,7,NAmes,245180.0,3.94,7.3
747,1,1,1926,4,BrkSide,81400.0,4.5,4.2
1200,2,2,2003,7,SawyerW,190600.0,3.1,7.9
1971,3,2,2005,7,Somerst,243910.0,8.03,6.9
1962,3,2,2006,7,CollgCr,243849.0,3.65,7.4
2403,4,2,1940,7,ClearCr,240890.0,6.17,6.9
1728,4,2,1976,6,Mitchel,152370.0,4.51,6.3
2060,3,2,1999,7,Gilbert,210850.0,6.05,6.4
1440,4,2,1977,4,Edwards,145260.0,6.58,1.6
1632,4,2,1967,5,Mitchel,135320.0,7.56,4.9
1344,3,1,1958,6,Timber,140080.0,4.14,7.4
1869,2,1,1890,5,OldTown,130720.0,3.06,5.9
1144,3,1,1959,5,NAmes,146750.0,3.75,6.0
1629,3,2,2002,8,Timber,261150.0,7.95,9.2
1776,3,2,2002,7,CollgCr,184070.0,7.81,7.1
1381,3,1,1972,6,NWAmes,193630.0,6.29,6.2
864,3,1,1950,5,NAmes,125100.0,6.3,4.4
965,3,1,1965,5,SawyerW,114920.0,6.66,4.7
768,2,1,1972,5,CollgCr,137020.0,3.96,5.6
1968,4,2,1969,5,Mitchel,162910.0,8.03,6.2
980,4,2,1975,6,Edwards,126600.0,5.3,5.9
1958,4,2,1946,6,Crawfor,144670.0,5.11,5.5
1229,2,1,1980,6,Blueste,121450.0,5.85,6.0
1057,3,1,1962,5,Sawyer,137220.0,3.26,5.6
1337,3,2,2003,7,CollgCr,188270.0,3.91,5.6
1416,3,2,1999,7,Somerst,148820.0,7.06,4.7
858,2,1,1958,5,BrkSide,121120.0,3.46,4.4
2872,4,2,1977,6,NWAmes,268040.0,6.32,4.8
1548,3,2,1976,6,NPkVill,156950.0,4.35,5.5
1800,2,2,2007,9,CollgCr,238580.0,5.14,8.9
1894,4,2,2002,7,Timber,216130.0,4.59,6.5
1484,3,2,2005,6,Gilbert,179020.0,4.96,7.5
1308,2,1,1940,5,Crawfor,154150.0,6.95,5.3
1098,3,1,1955,5,NAmes,136110.0,4.63,5.3
968,2,1,1910,3,OldTown,34540.0,6.12,3.6
1095,2,1,1958,6,NAmes,138140.0,5.62,4.9
1192,4,1,1949,4,NAmes,130050.0,6.65,5.0
1626,2,2,2003,7,NridgHt,163550.0,8.15,6.9
918,2,2,1979,6,SawyerW,93410.0,7.03,6.7
1428,3,2,2007,7,Somerst,184460.0,4.18,5.9
2019,3,1,1910,7,BrkSide,172990.0,3.17,5.4
1382,3,2,2000,7,Somerst,166680.0,4.44,7.8
869,2,1,1923,4,BrkSide,81690.0,6.27,4.4
1241,1,1,2006,7,Somerst,205060.0,3.28,6.1
894,3,1,1954,4,Edwards,107810.0,5.73,3.1
1121,3,1,1963,5,Sawyer,135160.0,6.28,6.1
999,3,1,1961,7,NAmes,178880.0,4.84,5.8
2612,4,2,1998,8,NoRidge,329280.0,7.24,9.6
1266,2,2,2007,7,Blmngtn,164125.0,3.59,6.1
2290,4,2,2002,8,CollgCr,260670.0,3.41,8.6
1734,4,2,1977,5,Mitchel,119970.0,7.01,4.7
1164,3,1,1950,5,Edwards,122810.0,5.73,5.6
1635,2,1,1910,6,OldTown,111630.0,6.79,5.5
1940,3,2,2009,9,NridgHt,394022.0,5.39,8.8
2030,4,2,1976,6,NWAmes,196920.0,4.36,6.0
1576,3,2,2006,7,Somerst,189470.0,7.51,6.0
2392,3,2,1997,8,NoRidge,340800.0,7.4,8.7
1742,4,1,1882,8,OldTown,162540.0,6.82,7.5
1851,3,2,1964,6,NAmes,188500.0,4.5,5.8
1500,3,2,2005,6,CollgCr,170150.0,6.25,5.0
1718,3,2,2006,10,NridgHt,337530.0,4.99,7.4
1230,3,1,1946,4,BrkSide,126100.0,3.5,3.8
1050,3,1,1961,5,NAmes,127350.0,8.05,7.4
1442,2,2,1970,6,NWAmes,188750.0,3.75,6.8
1077,3,1,1922,3,IDOTRR,81310.0,8.23,3.0
1208,2,2,2006,7,CollgCr,204650.0,5.45,6.7
944,2,1,1952,3,Edwards,84940.0,4.02,3.0
691,2,1,1920,5,OldTown,83060.0,5.98,5.5
1574,3,2,2006,8,Somerst,223600.0,7.8,6.8
1680,4,2,1976,5,NWAmes,130815.0,7.03,6.1
1504,1,2,2005,7,Blmngtn,173680.0,7.44,7.7
985,3,2,1977,5,CollgCr,145040.0,6.62,5.7
1657,3,2,1970,6,NAmes,158070.0,6.81,6.4
1092,3,1,1970,4,MeadowV,79990.0,7.67,4.0
1710,3,2,2004,7,Mitchel,241890.0,4.37,7.7
1522,4,2,1926,5,SWISU,99930.0,5.69,5.6
1271,4,2,1948,5,Sawyer,137340.0,4.22,4.6
1664,4,2,1965,5,Edwards,89710.0,8.43,4.4
1502,3,1,1923,6,Crawfor,155430.0,8.19,6.1
1022,2,1,1910,5,OldTown,90340.0,3.22,6.5
1082,2,1,1948,6,NAmes,113560.0,6.88,4.8
1665,3,2,2001,8,NWAmes,217730.0,8.09,6.5
1504,3,2,1996,7,CollgCr,206030.0,3.99,7.2
1360,1,1,1984,8,StoneBr,184140.0,6.12,8.1
1472,3,2,1991,7,Gilbert,150880.0,8.04,7.2
1506,2,2,2005,7,Blmngtn,218920.0,3.19,7.2
1132,2,1,2005,4,Edwards,170480.0,6.84,3.8
1220,2,2,2006,7,CollgCr,195080.0,4.64,8.5
1248,2,1,1930,5,OldTown,77760.0,8.08,3.4
1504,2,2,2005,7,Blmngtn,180980.0,8.34,6.2
2898,2,2,1976,8,Timber,277430.0,8.19,7.9
882,3,1,1972,5,CollgCr,110670.0,5.61,3.4
1264,3,1,1960,5,NAmes,159280.0,7.74,4.8
1646,3,2,2007,8,Timber,285127.0,7.65,9.7
1376,3,1,1941,5,NAmes,105720.0,4.76,5.0
1218,3,1,1972,6,BrDale,110320.0,7.56,6.2
1928,5,2,1916,5,SWISU,165400.0,3.2,3.7
3082,5,2,1920,7,SWISU,193160.0,6.28,6.4
2520,5,2,1993,8,NoRidge,312190.0,4.27,7.6
1654,3,2,2002,7,CollgCr,234020.0,3.66,6.7
954,2,1,1938,5,Crawfor,124490.0,3.42,6.3
845,3,1,1957,4,Edwards,78510.0,6.83,4.6
1620,2,2,2007,9,Timber,315890.0,4.87,7.9
2263,3,2,2001,8,CollgCr,281030.0,6.99,8.2
1344,3,1,1970,4,MeadowV,101920.0,3.36,4.5
630,1,1,1970,4,MeadowV,80810.0,4.73,5.1
1803,3,2,1957,5,Sawyer,152090.0,5.97,6.6
1632,4,1,1966,6,NWAmes,165950.0,7.35,5.0
1306,1,2,2005,6,NridgHt,196750.0,4.75,5.2
2329,4,2,1990,7,SawyerW,257960.0,6.44,5.7
2524,4,2,1981,8,NWAmes,269390.0,7.87,7.8
1733,4,2,1955,3,Edwards,135430.0,6.39,3.5
2868,4,3,2005,9,StoneBr,558741.0,4.28,10.0
990,3,1,1994,5,CollgCr,150610.0,3.13,4.9
1771,3,1,1960,5,Mitchel,106630.0,7.79,4.7
930,2,1,1946,4,Edwards,90540.0,3.12,4.2
1302,3,2,2007,7,Gilbert,168055.0,7.81,6.2
1316,3,2,2007,7,CollgCr,197411.0,5.91,9.1
1977,4,1,1964,6,NAmes,155520.0,8.16,4.4
1526,4,1,1957,5,Edwards,137330.0,7.39,5.2
1989,3,2,2002,8,CollgCr,244530.0,8.49,10.0
1523,3,2,1976,6,NWAmes,180210.0,4.93,6.0
1364,2,2,2005,7,NridgHt,179190.0,7.22,6.8
1850,3,2,1994,7,NoRidge,247370.0,5.21,6.6
2184,3,2,2008,9,NridgHt,333080.0,5.64,8.8
1991,3,1,1932,6,Crawfor,215650.0,6.45,7.4
1338,2,2,2001,8,StoneBr,205070.0,7.81,5.8
894,2,1,1935,3,IDOTRR,70770.0,8.41,4.5
2337,5,2,1900,5,OldTown,83310.0,7.23,3.6
1103,2,1,1925,6,OldTown,109600.0,5.3,5.7
1154,3,1,1966,5,NAmes,153040.0,5.32,4.6
2260,3,2,1996,7,ClearCr,321820.0,7.06,7.6
1571,3,2,1993,6,Gilbert,180070.0,4.31,4.4
1611,4,1,1964,6,NAmes,172070.0,3.61,6.5
2521,5,2,1973,6,MeadowV,151550.0,4.95,8.0
893,2,1,1949,5,NAmes,136260.0,4.58,3.6
1048,3,1,1956,5,NAmes,136110.0,4.63,5.2
1556,4,1,1968,6,NWAmes,156160.0,4.28,5.3
1456,4,1,1948,5,Edwards,96810.0,3.23,5.4
1426,3,1,1977,6,Edwards,165200.0,3.1,6.0
1240,2,2,2006,7,CollgCr,183710.0,8.43,6.4
1740,3,1,1940,7,Crawfor,218450.0,5.35,7.5
1466,3,2,1936,5,OldTown,169670.0,5.11,6.8
1096,3,1,1969,5,NAmes,133580.0,6.74,4.8
848,1,1,2004,6,CollgCr,158300.0,4.2,6.7
990,3,1,1994,5,CollgCr,116340.0,8.22,3.7
1258,3,2,1971,6,NWAmes,138040.0,7.32,5.0
1040,3,1,1963,5,Sawyer,137530.0,3.49,5.5
1459,3,2,2002,7,CollgCr,191100.0,5.3,8.5
1251,3,1,1964,6,NAmes,151480.0,7.84,6.4
1498,3,2,1995,6,Gilbert,177900.0,8.2,5.7
996,2,1,1992,6,SawyerW,145290.0,5.57,6.0
1092,3,1,1973,4,MeadowV,79390.0,6.37,2.7
1953,3,2,2005,8,Somerst,255240.0,3.92,8.6
1709,3,2,2004,7,Edwards,127150.0,8.45,7.9
1247,1,1,2005,8,Somerst,199190.0,4.27,7.5
1040,2,2,1950,3,NAmes,83330.0,8.19,2.5
1252,2,2,1999,7,Somerst,155290.0,6.57,7.3
1694,4,2,1925,6,SWISU,132480.0,6.34,5.6
1200,1,1,1965,5,NAmes,143540.0,5.82,4.9
936,2,1,1956,5,NAmes,131190.0,4.27,7.1
1314,3,2,2006,6,CollgCr,179522.0,3.97,5.8
1355,3,1,1914,6,IDOTRR,129370.0,4.21,5.6
1088,2,1,1986,8,StoneBr,172910.0,4.03,7.4
1324,3,1,1936,4,BrkSide,121130.0,7.29,4.7
1601,3,2,1978,7,NWAmes,157210.0,4.93,6.8
438,1,1,1920,2,SWISU,65040.0,3.32,1.4
950,3,1,1971,5,NAmes,109510.0,8.33,6.3
1134,2,1,1960,5,NAmes,126420.0,7.86,6.4
1194,3,1,1959,6,NAmes,150200.0,8.1,5.4
1302,3,2,1970,5,BrDale,95590.0,8.47,3.1
2622,3,2,1994,8,NoRidge,328120.0,3.96,9.0
1442,3,2,1990,7,SawyerW,179360.0,5.18,6.3
2021,3,2,2006,7,Gilbert,268215.0,7.17,7.8
1690,3,2,2000,6,Gilbert,175510.0,6.83,4.0
1836,3,2,2004,8,NridgHt,283450.0,3.85,8.9
1658,3,2,1995,6,Gilbert,180530.0,7.49,4.8
1964,4,2,1976,7,NWAmes,207310.0,4.23,7.7
816,2,1,1957,5,NAmes,132210.0,4.23,5.0
1008,2,1,1953,5,NAmes,131650.0,5.95,4.0
833,2,1,1954,5,OldTown,113220.0,6.26,4.6
1734,3,2,2007,8,NridgHt,314430.0,6.19,8.7
1419,3,2,2002,8,Gilbert,188600.0,3.5,8.1
894,3,1,1967,5,Sawyer,121510.0,7.83,5.6
1601,3,1,1958,5,Sawyer,141620.0,4.46,7.0
1040,3,1,1959,5,NAmes,137570.0,3.71,3.4
1012,2,1,1920,6,IDOTRR,109730.0,7.89,7.6
1552,3,2,2005,7,CollgCr,203120.0,8.26,7.1
960,3,1,1956,4,Edwards,103780.0,7.74,3.1
698,2,1,1947,5,Edwards,110650.0,7.45,3.7
1482,3,2,1992,7,Gilbert,159100.0,6.6,6.8
1005,2,1,1955,4,NAmes,111910.0,6.03,4.9
1555,2,2,2007,7,Blmngtn,178560.0,3.48,6.9
1530,3,2,2004,7,Gilbert,258250.0,5.25,8.5
1959,4,2,2004,7,Gilbert,214850.0,5.05,5.5
936,2,1,1980,5,OldTown,141710.0,4.43,5.0
1981,4,2,1928,4,SWISU,129060.0,6.98,2.7
974,3,1,1991,5,Mitchel,91310.0,5.73,5.4
2210,5,2,1880,6,OldTown,122150.0,3.45,6.9
2020,3,2,1995,8,SawyerW,241870.0,4.21,7.6
1600,3,2,1997,6,Gilbert,163720.0,6.76,3.4
986,2,1,1926,6,BrkSide,106740.0,3.42,6.2
1252,3,1,1950,6,NAmes,110960.0,7.68,6.4
1020,2,1,1875,5,Sawyer,91840.0,5.72,5.4
1567,2,2,1977,6,Mitchel,194080.0,5.64,7.2
1167,3,1,1920,5,BrkSide,140220.0,6.26,3.9
952,2,1,1951,5,NAmes,131380.0,7.54,5.7
1868,4,2,1976,5,NWAmes,197770.0,4.91,6.2
2828,4,3,2006,8,CollgCr,419680.0,6.73,6.2
1006,3,1,1959,5,Sawyer,76670.0,6.11,5.3
924,2,1,1941,4,Edwards,81590.0,4.47,3.5
1576,3,1,1928,5,BrkSide,140510.0,7.83,4.9
1298,3,2,1985,6,SawyerW,172830.0,7.39,6.3
1564,3,1,1941,7,Crawfor,169640.0,6.62,6.5
1111,2,1,1926,7,OldTown,108860.0,7.68,6.3
1482,3,1,1920,7,OldTown,134690.0,7.77,7.0
932,2,1,1950,6,NAmes,118300.0,6.9,4.9
1466,3,1,1959,5,Edwards,142100.0,7.6,3.9
1811,2,1,1956,6,Crawfor,224480.0,6.84,6.7
816,2,1,1930,6,IDOTRR,115280.0,6.74,4.9
1820,4,1,1965,7,NAmes,197600.0,6.4,7.7
1437,3,2,1976,5,Veenker,211580.0,7.14,5.5
1265,3,2,1965,5,NAmes,183290.0,3.87,3.3
1314,2,2,2007,7,NridgHt,221480.0,7.84,6.3
1580,3,2,2007,8,Somerst,226728.0,7.8,9.2
1876,4,2,1974,6,NWAmes,190520.0,3.16,5.0
1456,3,2,1978,6,NPkVill,138380.0,7.54,5.5
1640,3,1,1954,6,Crawfor,227870.0,3.71,6.5
894,3,1,1968,5,Sawyer,129480.0,4.84,5.8
1258,0,0,1969,4,Sawyer,102689.0,7.09,3.7
1432,2,1,1978,5,Veenker,197360.0,3.88,4.4
1502,3,2,2009,7,NridgHt,225670.0,7.5,8.4
1694,3,2,2008,8,CollgCr,237610.0,7.58,9.7
1671,3,2,2000,6,Gilbert,170630.0,5.79,7.0
2108,4,2,1935,6,Edwards,240880.0,3.04,6.1
3627,4,3,1995,10,NoRidge,626260.0,4.58,9.2
1118,3,1,1977,6,Mitchel,166830.0,6.39,5.2
1261,3,1,1958,6,NAmes,152800.0,8.4,6.5
1250,2,2,2006,7,Somerst,167490.0,6.47,7.4
3086,3,3,1946,5,ClearCr,202210.0,4.43,6.4
2345,4,2,1932,6,Crawfor,234530.0,6.49,6.7
2872,4,2,1992,8,NoRidge,282090.0,5.97,6.5
923,3,1,1984,5,Mitchel,112630.0,7.29,6.1
1224,3,1,1926,6,OldTown,119230.0,3.59,5.0
1343,3,1,1921,5,Crawfor,148330.0,7.19,4.6
1124,3,1,1954,5,Edwards,90060.0,5.98,5.3
2514,4,2,1990,7,Timber,240100.0,8.3,9.0
1652,2,2,2008,8,Crawfor,392860.0,4.88,10.0
4476,4,3,1996,10,NoRidge,740560.0,6.48,10.0
1130,2,1,1920,5,OldTown,110610.0,8.13,4.8
1572,3,1,1963,5,Timber,191020.0,3.56,5.5
1221,4,1,1924,5,Edwards,95450.0,8.15,5.9
1699,3,2,1900,3,OldTown,89660.0,6.78,2.7
1624,2,2,1994,8,NoRidge,266890.0,3.37,9.8
1660,3,2,2002,7,CollgCr,196020.0,4.66,7.2
1804,3,2,1999,7,Gilbert,183330.0,6.89,7.5
1622,3,1,1961,4,Mitchel,172890.0,3.37,4.7
1441,2,2,1999,8,Somerst,170400.0,6.2,8.4
1472,3,1,1925,5,OldTown,125300.0,4.9,5.8
1224,2,2,1999,6,Mitchel,160740.0,6.42,5.4
1352,4,1,1969,6,Sawyer,163250.0,3.25,5.4
1456,3,2,2005,6,Gilbert,167630.0,7.79,4.9
1863,4,2,2006,7,Gilbert,209160.0,8.35,7.4
1690,3,1,1916,7,OldTown,134010.0,8.33,7.8
1212,3,2,2001,7,CollgCr,171640.0,7.12,7.5
1382,3,1,1963,4,Sawyer,151840.0,3.72,5.7
864,3,1,1970,4,NAmes,109540.0,7.17,4.0
1779,3,2,1998,7,CollgCr,203480.0,3.14,7.7
1348,3,1,1925,5,BrkSide,122640.0,3.12,3.9
1630,3,2,2000,7,CollgCr,213660.0,4.78,6.6
1074,3,1,1975,5,NWAmes,151430.0,5.69,5.7
2196,3,2,1990,7,SawyerW,265180.0,7.24,7.8
1056,2,1,1966,4,SawyerW,101720.0,6.76,3.7
1700,3,2,2003,6,CollgCr,198650.0,5.45,5.9
1283,3,1,1962,5,NAmes,141500.0,4.5,3.5
1660,3,2,2006,8,Somerst,279560.0,8.48,7.6
1845,3,2,1992,6,SawyerW,187980.0,5.34,6.9
1752,4,2,1988,8,Gilbert,162560.0,5.48,8.6
672,2,1,1941,4,Edwards,116300.0,3.9,4.5
960,0,0,1965,4,Sawyer,137890.0,7.37,4.0
999,3,1,1962,5,NAmes,129040.0,6.82,5.0
894,3,1,1966,5,Sawyer,127370.0,4.21,4.3
1902,4,2,1978,6,Sawyer,116650.0,3.45,6.7
1314,3,2,2009,8,Somerst,224236.0,6.74,8.4
912,2,1,1947,4,BrkSide,75700.0,6.6,4.5
1218,3,1,1971,6,BrDale,93000.0,4.5,5.5
912,2,1,1964,5,NAmes,105310.0,8.23,2.8
1211,3,1,1968,5,Sawyer,137510.0,3.83,6.1
1846,3,2,1949,6,NAmes,141860.0,5.38,5.5
2136,4,2,1951,5,NAmes,128330.0,8.19,4.1
1490,3,2,2004,7,Gilbert,183070.0,5.31,7.7
1138,3,1,1958,6,NAmes,140470.0,6.51,5.6
1933,4,2,2007,6,Somerst,213430.0,5.19,7.1
912,2,1,1965,5,NAmes,148470.0,4.51,5.6
1702,1,1,2008,9,NridgHt,357064.0,8.41,9.7
1507,4,2,1960,5,NAmes,126250.0,5.25,3.6
2620,4,2,1977,5,Sawyer,181240.0,7.92,6.2
1190,3,1,1962,5,NAmes,134720.0,4.26,5.3
1224,2,2,1962,4,NAmes,104290.0,4.17,3.6
1188,3,1,1959,5,NAmes,147490.0,3.17,5.1
1964,4,1,1911,5,SWISU,125260.0,6.58,3.2
1784,4,1,1914,5,Crawfor,138797.0,5.03,5.4
1626,2,2,2003,7,NridgHt,167250.0,7.75,6.0
1948,4,2,2004,7,CollgCr,193200.0,5.6,5.6
1141,3,1,2005,6,SawyerW,132510.0,8.33,4.5
1484,2,2,2006,8,Timber,268840.0,4.02,9.1
1768,3,2,2003,7,CollgCr,216560.0,7.78,6.4
1689,3,2,2007,7,Somerst,241518.0,7.27,8.5
1173,3,2,1974,7,NWAmes,163280.0,7.24,6.5
2076,2,2,2006,10,NridgHt,457050.0,7.65,8.3
1517,3,1,1929,8,Crawfor,223430.0,7.19,6.9
1868,3,3,1984,6,NWAmes,173680.0,6.44,7.2
1553,3,2,2005,7,Somerst,190340.0,3.72,6.8
1034,3,1,1976,6,Mitchel,175360.0,3.18,5.5
2058,3,1,1917,6,OldTown,120320.0,8.06,6.2
988,3,1,1950,5,NAmes,114830.0,6.39,5.5
2110,3,2,1968,7,NAmes,236860.0,7.38,8.1
1405,2,2,2003,7,NridgHt,169800.0,5.65,8.4
874,3,1,1968,5,Mitchel,134050.0,3.65,4.6
2167,3,2,1974,7,Veenker,297930.0,3.69,5.7
1656,3,2,2003,7,Edwards,160090.0,6.77,6.6
1367,3,1,1931,6,BrkSide,126390.0,5.37,6.3
1987,2,2,1994,8,NoRidge,304200.0,4.1,7.0
864,2,1,1922,5,Edwards,97800.0,5.7,4.0
1166,2,2,2005,7,Gilbert,194950.0,3.35,7.3
1054,3,1,1969,6,NAmes,147400.0,6.2,6.0
1675,3,2,1999,6,Gilbert,182560.0,4.48,6.0
1050,2,1,1956,5,NAmes,121730.0,7.39,4.2
1788,5,1,1957,4,ClearCr,162370.0,4.71,3.8
1824,3,1,1919,6,BrkSide,179000.0,5.5,5.1
1337,2,2,1998,6,NAmes,186820.0,3.06,6.9
1452,3,2,1999,7,Somerst,188700.0,3.4,8.0
1889,4,1,1910,7,OldTown,121520.0,5.16,5.2
2018,3,2,2008,9,Timber,376580.0,5.64,8.1
3447,4,3,1935,8,Crawfor,377100.0,6.3,6.5
1524,3,1,1958,5,NAmes,145200.0,4.6,4.3
1524,0,0,1979,7,ClearCr,254540.0,6.82,6.9
1489,3,2,1968,6,NWAmes,177560.0,7.73,4.6
935,3,1,1965,5,Sawyer,130130.0,7.29,4.1
1357,2,1,1959,6,Edwards,182340.0,3.22,5.0
1250,3,2,1910,5,Crawfor,137080.0,5.64,5.2
1920,4,2,1948,5,NAmes,141260.0,3.58,5.1
1395,3,1,1972,6,NWAmes,164010.0,4.33,5.3
1724,3,1,1967,6,NWAmes,187610.0,8.43,6.2
2031,3,2,2002,8,CollgCr,240660.0,3.78,7.5
1128,2,1,1920,4,IDOTRR,66180.0,5.74,3.7
1573,3,2,2002,7,CollgCr,222800.0,6.4,8.7
1339,2,2,1990,7,Timber,174420.0,6.86,8.3
1040,3,2,1977,5,CollgCr,147260.0,6.08,3.7
1824,4,2,1971,6,Mitchel,144850.0,3.05,6.8
2447,4,2,1919,6,SWISU,169600.0,4.8,6.8
1412,4,1,1939,6,BrkSide,129950.0,5.85,4.9
1328,3,1,1963,6,NWAmes,147560.0,3.48,6.8
1582,4,2,1964,5,ClearCr,190210.0,4.93,6.5
1659,2,2,2000,8,StoneBr,283460.0,3.18,6.9
1970,3,2,2006,8,NridgHt,285710.0,3.43,7.1
1152,3,1,1964,5,NAmes,179960.0,5.18,6.0
1302,3,2,1972,5,BrDale,123310.0,3.73,5.3
2372,4,2,1892,5,OldTown,104140.0,6.12,5.6
1664,4,2,1976,7,NWAmes,157530.0,6.79,7.3
864,2,1,1955,5,Edwards,107800.0,7.4,5.4
1052,3,1,1968,5,NAmes,141200.0,4.1,3.7
1128,3,2,1963,5,NAmes,158240.0,3.92,6.0
1072,2,2,2005,6,Edwards,144260.0,3.58,7.2
5642,3,2,2008,10,Edwards,155500.0,6.5,9.8
1246,3,1,1959,5,NAmes,148330.0,6.89,5.0
1983,3,2,1999,7,Gilbert,230490.0,3.17,5.5
1494,3,1,1942,6,Crawfor,168050.0,8.15,6.5
2526,4,2,1994,8,NoRidge,295130.0,3.29,8.6
1616,3,2,2005,7,Somerst,229060.0,5.98,6.9
1708,3,2,2004,7,Edwards,124300.0,6.9,8.1
1652,2,2,2006,9,NridgHt,316630.0,7.79,8.7
1368,2,2,2005,7,NridgHt,196710.0,6.93,7.6
990,3,1,1994,5,CollgCr,130770.0,7.41,4.0
1122,2,1,1948,5,OldTown,147390.0,4.87,5.0
1294,3,2,1991,6,SawyerW,171760.0,7.48,5.8
1902,3,2,1959,7,Crawfor,339680.0,3.44,7.2
1274,3,2,2005,7,CollgCr,194240.0,7.92,6.6
2810,4,2,1990,8,NoRidge,298970.0,6.01,7.9
2599,4,2,1999,9,NoRidge,325668.0,7.5,9.8
948,3,1,1954,4,Edwards,117530.0,5.49,3.6
2112,4,2,1969,6,NAmes,202280.0,6.54,4.4
1630,3,2,2008,8,CollgCr,292793.0,5.9,9.7
1352,2,2,2006,7,Somerst,202840.0,7.02,8.4
1787,3,2,2001,8,CollgCr,279650.0,3.45,6.7
948,3,1,1954,4,Edwards,116010.0,3.33,4.7
1478,3,1,1957,6,NAmes,158420.0,4.36,5.5
720,2,1,1949,3,BrkSide,75860.0,3.88,3.3
1923,3,2,1992,7,NoRidge,181630.0,7.79,7.3
708,2,1,1940,4,BrkSide,84870.0,4.21,3.8
1795,2,2,2006,8,Somerst,136890.0,8.37,7.2
796,2,1,1922,4,IDOTRR,55450.0,4.85,3.3
774,3,1,1931,3,Edwards,82000.0,4.0,2.1
816,3,1,1982,5,Mitchel,123480.0,7.34,4.2
2792,5,2,1920,6,OldTown,251140.0,6.62,5.9
1632,3,2,1998,7,Gilbert,174280.0,5.74,6.3
1588,3,2,2006,8,Somerst,223850.0,6.05,8.7
954,3,1,1976,5,CollgCr,126620.0,6.96,6.5
816,2,1,1938,4,Edwards,102220.0,4.26,3.4
1360,2,1,1938,5,IDOTRR,115060.0,8.48,5.2
1365,3,1,1970,5,BrDale,114920.0,8.36,5.5
1334,2,2,1977,6,NWAmes,163160.0,6.58,6.5
1656,4,2,1973,5,NWAmes,137700.0,4.1,5.1
693,2,1,1941,4,OldTown,47280.0,6.74,4.7
1861,3,2,2002,7,CollgCr,204800.0,3.4,7.5
864,3,1,1972,5,CollgCr,133990.0,3.17,3.8
872,3,1,1971,4,NAmes,124740.0,4.42,4.9
1114,3,1,2003,6,SawyerW,153380.0,5.54,6.9
2169,3,2,2002,8,CollgCr,220160.0,7.78,7.2
1913,3,1,1928,6,Crawfor,171000.0,7.0,6.0
1456,3,2,2006,7,CollgCr,149595.0,7.08,7.7
960,2,1,1920,4,OldTown,107480.0,5.34,3.8
2156,3,2,1968,7,NWAmes,262800.0,4.9,8.1
1776,3,2,2006,8,Timber,283343.0,5.04,10.0
1494,3,2,1998,7,SawyerW,204710.0,8.43,6.2
2358,4,2,1872,8,OldTown,127340.0,3.22,6.6
2634,6,2,1969,5,NAmes,191690.0,7.77,5.3
1716,4,1,1962,6,NAmes,167460.0,6.18,6.7
1176,2,1,1937,6,BrkSide,133670.0,5.41,5.8
3238,4,2,1995,8,NoRidge,404030.0,6.99,9.5
1865,3,2,2000,7,CollgCr,232960.0,5.68,5.7
1920,4,3,1968,7,NWAmes,161600.0,7.8,7.7
892,3,1,1966,5,NAmes,101150.0,7.95,4.4
1078,3,1,1971,5,NAmes,148940.0,5.32,6.7
1573,3,2,2000,6,Somerst,178940.0,4.52,8.0
1980,3,2,2004,9,NridgHt,311220.0,6.26,8.2
2601,4,3,1921,5,SWISU,179940.0,8.02,4.5
1530,3,2,2005,7,StoneBr,262520.0,4.16,7.9
1738,4,2,1920,4,NAmes,100610.0,6.43,3.6
1412,3,2,2006,6,Gilbert,152522.0,6.47,6.0
1200,2,2,2005,7,Somerst,138062.0,7.03,7.0
1674,3,2,2000,7,Somerst,219840.0,3.72,5.1
1790,3,2,1999,7,CollgCr,187180.0,6.94,7.0
1475,4,2,1977,5,MeadowV,118000.0,8.0,4.3
848,1,1,2003,6,CollgCr,147030.0,3.99,5.5
1668,3,2,2003,8,CollgCr,234070.0,4.31,9.4
1374,2,1,1920,4,OldTown,94980.0,8.34,2.7
1661,3,1,1955,6,NAmes,168500.0,4.0,6.8
2097,3,2,1998,7,CollgCr,266200.0,7.7,6.7
2633,2,2,2001,10,NoRidge,464370.0,5.71,9.7
1958,3,2,2005,7,Somerst,251920.0,4.36,7.8
1571,3,2,2007,8,Timber,230630.0,7.79,8.3
790,2,1,1930,6,SWISU,89650.0,5.45,6.6
1604,3,2,1941,5,Edwards,114510.0,5.83,6.0
987,2,1,1973,6,BrDale,83060.0,4.98,5.7
1394,3,2,2006,5,Timber,163720.0,6.26,4.4
864,2,1,1914,3,Edwards,61800.0,3.9,1.9
2117,4,2,1970,6,NAmes,237050.0,5.15,5.2
1762,4,1,1920,7,OldTown,147010.0,8.33,9.9
1416,3,2,1918,5,Sawyer,113740.0,4.42,6.2
1258,2,1,1939,6,Edwards,100170.0,6.61,4.6
1154,3,1,1922,4,IDOTRR,126130.0,4.79,2.7
2784,5,3,1978,7,NWAmes,243250.0,7.25,7.5
2526,5,2,1916,6,OldTown,139840.0,3.72,6.5
1746,3,2,2006,9,Gilbert,367510.0,8.33,9.5
1218,3,1,1941,6,BrkSide,129500.0,5.5,5.7
1525,3,2,2000,7,CollgCr,237100.0,4.3,6.9
1584,4,2,1967,5,NAmes,128800.0,3.4,5.3
900,3,1,1967,5,NAmes,126210.0,3.93,5.1
1912,3,2,1905,6,OldTown,160420.0,5.86,3.8
1500,2,2,2006,7,Blmngtn,247028.0,4.85,6.8
2482,4,2,2005,8,Timber,273533.0,7.56,7.1
1687,3,1,1948,5,Timber,158890.0,5.37,5.2
1513,4,1,1920,5,BrkSide,139390.0,4.37,8.0
1904,3,1,1950,5,NAmes,133830.0,6.39,5.4
1608,3,2,1925,6,SWISU,131780.0,6.89,5.7
1158,3,1,1929,6,BrkSide,123240.0,3.92,6.9
1593,3,2,2004,6,Gilbert,196240.0,3.92,6.5
1294,2,2,2006,7,CollgCr,199279.0,3.2,7.4
1464,3,2,2007,8,Somerst,276772.0,7.05,8.6
1214,3,1,1915,3,OldTown,100050.0,6.65,5.1
1646,2,2,2004,8,Crawfor,273170.0,5.61,6.9
768,2,1,1972,5,CollgCr,125080.0,7.64,5.5
833,3,1,1985,5,Mitchel,104710.0,7.43,4.1
1363,3,1,1910,4,OldTown,121840.0,6.22,4.6
2093,3,2,1986,7,NWAmes,206660.0,7.78,6.1
1840,3,2,2001,7,CollgCr,232610.0,4.13,6.6
1668,3,1,1950,6,NAmes,144140.0,3.62,5.7
1040,2,2,1949,4,NAmes,91560.0,4.48,5.0
1844,2,2,2005,8,SawyerW,262070.0,3.31,8.9
1848,4,1,1923,6,BrkSide,204240.0,5.92,4.8
1569,1,2,2007,7,Blmngtn,166450.0,8.15,7.1
2290,4,2,1885,4,OldTown,127840.0,3.22,3.3
2450,3,2,1998,8,NoRidge,343990.0,3.67,6.7
1144,3,1,1963,5,NAmes,122530.0,5.49,4.8
1844,3,2,1969,6,Crawfor,213580.0,8.14,5.7
1416,3,2,1968,6,NWAmes,180680.0,4.74,8.4
1069,2,2,1977,6,NPkVill,125130.0,5.79,6.4
848,1,1,2003,6,CollgCr,141810.0,3.23,4.6
2201,4,2,1966,6,Edwards,278510.0,3.82,5.4
1344,2,1,1958,5,NAmes,133710.0,8.43,6.0
1252,3,1,1959,6,NAmes,132070.0,8.31,8.1
2127,3,2,1994,7,NoRidge,276910.0,3.03,5.4
1558,3,1,1945,5,NAmes,130310.0,8.23,3.1
804,2,1,1940,5,OldTown,114440.0,6.52,6.9
1440,3,2,1981,6,NWAmes,174590.0,7.77,6.4
1838,4,2,2005,5,Gilbert,190640.0,5.5,4.1
958,2,2,1976,6,NPkVill,141230.0,5.84,6.5
968,4,2,1927,4,OldTown,62430.0,5.69,1.4
1792,3,2,2000,6,Gilbert,181490.0,6.67,6.0
1126,3,2,1977,5,Mitchel,163690.0,3.77,5.3
1537,3,1,1962,6,NAmes,179520.0,3.16,6.9
864,3,1,1971,4,NAmes,121430.0,4.69,3.0
1932,2,2,2008,8,NridgHt,388977.0,6.88,8.1
1236,2,1,1957,6,OldTown,152370.0,4.11,5.1
1725,3,2,1979,7,NWAmes,191900.0,6.7,7.3
2555,3,2,1922,6,Crawfor,181010.0,8.33,5.1
848,1,1,2004,6,CollgCr,153740.0,3.52,5.6
2007,3,2,2008,10,Somerst,304900.0,6.7,9.0
952,2,1,1916,6,BrkSide,119680.0,5.44,6.7
1422,3,2,2004,7,CollgCr,171290.0,7.77,7.9
913,3,1,1966,6,Sawyer,132090.0,3.97,5.8
1188,3,1,1962,5,Mitchel,152470.0,6.81,5.0
2090,3,2,1995,8,CollgCr,232170.0,7.61,6.6
1346,2,1,1910,4,Edwards,102400.0,8.2,3.7
630,1,1,1970,5,MeadowV,86720.0,6.76,4.9
1792,4,2,1974,5,NAmes,133810.0,5.73,7.6
1578,3,2,2008,8,Somerst,282890.0,6.4,6.9
1072,2,1,2005,5,Edwards,136660.0,7.78,6.5
1140,3,1,2006,5,Mitchel,81080.0,6.14,6.0
1221,2,2,2004,7,Somerst,190490.0,3.17,7.3
1647,3,2,1999,6,Gilbert,165640.0,8.12,7.8
2073,3,2,1978,6,NWAmes,204630.0,6.79,6.4
2340,4,2,1941,7,Crawfor,261340.0,6.72,7.4
1078,2,1,1950,5,NAmes,144555.0,4.19,4.9
1256,3,1,1965,5,Edwards,142640.0,6.62,6.2
